DROP DATABASE IF EXISTS vk;
CREATE DATABASE vk;
USE vk;
DROP TABLE IF EXISTS `city`;
CREATE TABLE `city` (
  `id` int(10) unsigned NOT NULL AUTO_INCREMENT,
  `city_name` varchar(100) COLLATE utf8_unicode_ci NOT NULL,
  `created_at` datetime DEFAULT current_timestamp(),
  `updated_at` datetime DEFAULT current_timestamp() ON UPDATE current_timestamp(),
  PRIMARY KEY (`id`),
  UNIQUE KEY `city_name` (`city_name`)
) ENGINE=InnoDB AUTO_INCREMENT=101 DEFAULT CHARSET=utf8 COLLATE=utf8_unicode_ci;

INSERT INTO `city` VALUES ('1','West Uriel','1997-12-11 04:06:09','2016-05-15 00:15:39'),
('2','Port Medastad','1991-05-21 02:21:28','2003-05-25 08:15:15'),
('3','Yeseniamouth','1980-12-21 12:43:06','2018-05-08 17:57:47'),
('4','West Alf','1976-03-13 06:05:01','1981-03-05 15:02:13'),
('5','Dalehaven','1977-02-07 06:01:40','1986-06-11 04:34:14'),
('6','Port Annabelbury','2018-11-24 23:45:15','2015-09-28 15:26:48'),
('7','Trystanville','1975-07-06 01:30:09','2005-12-27 04:59:49'),
('8','East Leoramouth','1993-02-13 22:13:50','1988-07-22 13:34:54'),
('9','South Newtonburgh','2002-12-29 07:01:46','1987-02-06 15:20:23'),
('10','Lake Candace','1978-02-22 05:43:42','2018-12-06 19:41:14'),
('11','Brycetown','1991-12-24 16:44:37','1979-03-08 22:18:54'),
('12','West Brendanberg','2018-03-09 19:52:24','2017-09-20 17:22:32'),
('13','North Altown','1988-07-31 04:23:18','1995-08-22 21:55:17'),
('14','Leuschkeside','2006-10-05 00:27:47','2014-05-26 07:40:54'),
('15','West Tiannaburgh','1978-08-10 13:49:18','2012-01-14 15:53:59'),
('16','West Melvin','1999-04-21 07:11:22','2018-10-03 18:22:06'),
('17','Lake Clarkton','1993-06-16 12:21:17','2003-12-20 08:46:30'),
('18','Grantland','1989-11-20 05:03:53','2011-12-01 13:32:37'),
('19','South Elisabethport','2003-03-11 10:37:30','2011-12-10 01:40:04'),
('20','Bergstromfurt','2011-01-11 21:22:08','1985-01-01 22:41:58'),
('21','South Katlynn','1996-12-11 08:44:17','1997-11-06 17:00:01'),
('22','South Marvinmouth','1996-01-30 22:15:24','1984-08-16 13:49:41'),
('23','Davinborough','1989-01-10 10:47:16','1989-10-29 21:32:32'),
('24','East Addisonberg','1979-06-05 23:31:24','2001-10-20 04:32:34'),
('25','Lake Verniemouth','1980-07-13 12:46:33','1974-05-24 20:54:14'),
('26','East Alexzandershire','2016-12-14 18:10:08','1997-11-09 18:22:22'),
('27','Christiansenhaven','2012-05-18 04:15:56','1987-01-20 00:57:53'),
('28','Howellland','2017-03-09 11:28:52','2014-03-03 08:52:28'),
('29','Patienceside','1977-08-10 03:37:25','1987-08-16 19:52:29'),
('30','Verlieton','1980-11-13 13:17:01','1983-09-18 13:55:16'),
('31','Casperfurt','1977-07-07 02:33:03','2009-01-11 16:38:03'),
('32','Arnoville','1975-11-30 07:37:44','1988-07-16 07:50:23'),
('33','New Melyssa','2004-06-08 22:55:00','1975-11-24 00:16:04'),
('34','South Wadeshire','2007-12-17 06:58:29','2008-10-23 04:23:36'),
('35','Whitneyton','1976-03-20 07:39:31','2017-03-20 23:06:24'),
('36','Bahringerhaven','2018-09-11 00:56:37','2013-12-20 09:37:46'),
('37','Luettgenmouth','1976-12-11 03:09:07','1991-12-09 22:34:43'),
('38','Katelynbury','1974-08-21 20:08:16','1971-03-03 06:25:11'),
('39','Lake Emmie','2017-07-26 17:46:16','1989-08-04 05:37:48'),
('40','Libbymouth','2006-07-07 16:15:09','1972-10-23 06:13:40'),
('41','East Wilson','1979-07-05 09:55:17','1996-04-25 14:40:19'),
('42','Nelliebury','2010-02-05 17:03:53','1985-04-25 10:27:25'),
('43','Glendachester','1983-06-05 07:24:56','2013-01-22 10:03:23'),
('44','East Earlland','2011-10-23 07:48:53','1971-09-21 03:25:33'),
('45','Lake Marianotown','1992-11-20 13:54:53','1979-05-03 15:26:07'),
('46','Deonview','1974-01-11 01:09:50','2013-01-04 09:59:29'),
('47','Rohanberg','2008-09-09 10:11:48','1976-11-06 00:54:16'),
('48','East Lonzoburgh','2011-01-28 13:37:48','2009-12-10 14:51:42'),
('49','East Lois','2008-06-25 23:43:40','2016-10-02 14:12:29'),
('50','Laurettatown','1978-02-06 05:36:20','2014-08-03 14:44:04'),
('51','East Clotildeburgh','2003-08-27 16:53:18','1996-03-05 19:52:48'),
('52','Erdmanville','2008-12-15 03:34:38','1989-06-22 03:03:02'),
('53','Lake Ezekiel','1987-11-14 01:19:53','1984-09-19 17:09:19'),
('54','West Julietmouth','2003-08-24 21:41:07','1971-08-30 16:54:06'),
('55','New Santos','2000-08-14 01:30:57','2002-12-04 08:40:07'),
('56','Welchfort','1984-05-09 11:43:16','1987-01-08 22:28:03'),
('57','Santiagohaven','1987-02-18 16:07:44','2012-02-07 00:19:39'),
('58','South Jaylanchester','2018-12-04 22:52:57','1982-08-16 23:35:08'),
('59','Lake Roxannetown','2003-05-08 15:54:21','1996-04-30 11:13:23'),
('60','North Rhiannon','2008-08-22 19:19:45','2009-11-04 23:27:41'),
('61','Lake Maria','1982-05-04 15:37:20','1975-10-10 05:41:18'),
('62','Lamarchester','1980-12-20 16:45:57','1988-10-01 02:54:04'),
('63','Willburgh','2016-12-20 21:43:36','1997-08-30 02:36:46'),
('64','East Queen','1992-11-04 13:39:37','2009-11-01 07:44:16'),
('65','Lake Tianna','1977-08-18 20:51:25','1992-12-10 23:22:47'),
('66','West Justynfort','2014-11-04 09:47:32','2015-09-16 14:06:40'),
('67','Burdetteberg','1977-12-20 00:05:44','1986-07-28 07:06:38'),
('68','New Baronmouth','1974-01-10 01:01:26','2012-04-01 08:03:02'),
('69','Lake Yazmin','2008-01-18 11:41:51','1978-04-26 01:06:48'),
('70','Lake Franz','2011-10-22 22:08:09','1984-04-25 10:22:21'),
('71','Cullenchester','1977-09-19 10:35:25','1972-08-30 23:48:23'),
('72','East Malvinahaven','1991-01-17 11:57:26','1997-02-28 10:54:34'),
('73','Bergeborough','1970-10-10 03:26:45','1985-10-29 09:36:17'),
('74','Gibsonburgh','2000-09-15 16:42:36','2011-07-19 12:19:17'),
('75','Hudsonland','1999-01-29 20:02:20','1994-05-29 07:29:03'),
('76','East Ransomstad','1984-09-22 06:13:52','2008-07-21 08:22:46'),
('77','South Dolly','1992-02-26 12:47:05','2005-03-19 00:52:35'),
('78','West Connieborough','1986-09-16 13:11:46','1991-11-25 05:25:28'),
('79','Lake Alanabury','1984-06-23 12:32:36','1981-03-14 07:01:15'),
('80','North America','2002-12-18 14:25:50','1970-11-07 08:17:29'),
('81','Tierrastad','2007-01-11 22:39:52','2011-03-21 23:31:45'),
('82','Lednermouth','1995-12-02 10:25:09','1971-12-31 15:21:09'),
('83','North Gretchen','1980-08-01 09:11:12','2017-06-25 08:53:25'),
('84','Lake Arturo','2009-07-01 20:08:43','1987-06-25 23:17:33'),
('85','North Donatofurt','1970-09-22 16:09:28','1984-02-13 23:24:18'),
('86','Johnsonborough','1979-01-17 22:40:08','1997-12-10 10:54:02'),
('87','Faustinomouth','2003-08-27 05:21:03','1997-12-11 00:48:00'),
('88','New Frank','1994-08-05 12:41:04','1982-02-12 18:28:31'),
('89','Kshlerinbury','2011-04-22 05:51:23','2005-12-18 20:56:46'),
('90','Heaneymouth','1979-10-02 22:53:08','1995-11-03 15:41:06'),
('91','Morissettestad','2009-01-30 12:55:29','2001-12-18 06:42:29'),
('92','Kuvalischester','2000-01-15 19:03:26','1975-09-21 05:59:51'),
('93','Ewaldview','1992-08-24 14:00:32','2009-12-31 04:18:37'),
('94','West Arlene','1981-02-03 23:20:53','1987-03-29 18:04:04'),
('95','West Susana','1972-02-13 10:08:12','1997-11-21 06:22:12'),
('96','North Augusta','1990-06-20 01:47:19','1974-11-22 05:50:36'),
('97','East Tedburgh','2018-08-16 12:13:06','2006-12-09 04:05:49'),
('98','East Aniyah','2013-04-06 02:30:33','1996-10-11 07:42:02'),
('99','West Tristonburgh','2014-01-18 22:10:03','2017-02-07 22:26:56'),
('100','New Eldredview','1974-12-20 07:35:00','1976-01-27 16:01:23'); 


DROP TABLE IF EXISTS `communities`;
CREATE TABLE `communities` (
  `id` int(10) unsigned NOT NULL AUTO_INCREMENT,
  `name` varchar(150) COLLATE utf8_unicode_ci NOT NULL,
  `created_at` datetime DEFAULT current_timestamp(),
  PRIMARY KEY (`id`),
  UNIQUE KEY `name` (`name`)
) ENGINE=InnoDB AUTO_INCREMENT=101 DEFAULT CHARSET=utf8 COLLATE=utf8_unicode_ci;

INSERT INTO `communities` VALUES ('1','sint','2007-12-17 17:10:35'),
('2','doloremque','2012-01-11 13:16:47'),
('3','sunt','1972-03-24 20:07:59'),
('4','voluptatum','1970-04-23 00:35:26'),
('5','dolores','1974-08-04 23:48:04'),
('6','incidunt','1990-02-07 13:37:45'),
('7','accusamus','2001-05-24 06:55:19'),
('8','voluptas','2009-07-16 07:39:24'),
('9','laboriosam','1980-02-24 15:09:25'),
('10','ut','1972-07-26 02:44:22'),
('11','veritatis','2004-12-11 09:34:16'),
('12','totam','1971-05-25 16:33:08'),
('13','temporibus','1990-05-07 15:58:27'),
('14','qui','1986-04-18 23:18:04'),
('15','asperiores','1996-11-03 05:16:53'),
('16','et','2000-04-28 12:54:23'),
('17','ipsam','2010-03-02 01:21:46'),
('18','aut','2005-02-15 13:51:37'),
('19','rerum','1999-03-24 10:50:41'),
('20','sed','2002-02-01 22:31:33'),
('21','veniam','2011-11-28 11:39:04'),
('22','consequuntur','2003-06-03 10:06:44'),
('23','esse','1988-09-07 04:17:41'),
('24','beatae','2010-04-18 20:13:43'),
('25','tempore','1985-02-04 08:37:42'),
('26','similique','2001-10-17 11:01:14'),
('27','tempora','1983-10-07 06:28:49'),
('28','quasi','1987-08-09 06:41:00'),
('29','corporis','2002-03-10 18:03:39'),
('30','vel','1987-06-28 18:40:50'),
('31','explicabo','2013-04-29 23:45:08'),
('32','pariatur','1973-12-17 08:24:43'),
('33','illo','2006-04-15 04:45:38'),
('34','inventore','1981-05-29 04:16:35'),
('35','magni','2001-02-11 18:12:20'),
('36','quo','2009-07-25 04:18:02'),
('37','enim','2019-10-09 03:27:00'),
('38','id','2006-11-08 03:01:38'),
('39','nulla','1976-12-11 03:55:55'),
('40','voluptatibus','2000-11-21 05:51:27'),
('41','iste','2008-05-09 04:18:59'),
('42','eligendi','1988-12-07 02:41:54'),
('43','odio','2009-10-20 18:16:35'),
('44','illum','1970-04-25 23:30:49'),
('45','voluptates','1978-10-03 08:24:11'),
('46','quidem','1996-05-25 23:26:31'),
('47','optio','2007-04-15 23:58:37'),
('48','blanditiis','1987-11-17 09:36:27'),
('49','quia','1972-06-02 01:35:02'),
('50','ab','1998-03-01 01:07:00'),
('51','dignissimos','1979-11-16 19:03:43'),
('52','neque','1991-03-14 14:23:03'),
('53','aspernatur','1972-04-28 15:05:43'),
('54','atque','1979-12-16 17:17:23'),
('55','perferendis','1994-04-28 11:45:06'),
('56','molestias','2004-04-15 00:01:51'),
('57','debitis','1998-12-15 13:20:47'),
('58','est','2008-09-04 03:44:02'),
('59','dolor','1976-03-16 23:33:50'),
('60','non','2014-04-28 11:15:18'),
('61','magnam','1973-03-04 10:35:34'),
('62','commodi','1979-01-05 04:53:25'),
('63','suscipit','1970-11-30 01:27:43'),
('64','ipsa','1979-12-12 09:09:21'),
('65','eius','1999-07-18 04:14:04'),
('66','in','1975-10-09 13:59:59'),
('67','quisquam','1982-03-31 01:53:37'),
('68','placeat','1970-09-12 01:13:16'),
('69','possimus','1972-06-24 13:52:43'),
('70','doloribus','1992-01-08 18:21:19'),
('71','culpa','2019-02-05 17:08:56'),
('72','ducimus','1983-11-17 10:56:14'),
('73','velit','1975-12-20 18:33:45'),
('74','omnis','1980-11-17 23:34:36'),
('75','quae','1978-07-26 12:03:04'),
('76','porro','1971-02-12 17:08:04'),
('77','alias','1974-11-12 04:08:47'),
('78','ea','2004-05-24 10:42:03'),
('79','ipsum','1986-06-23 06:08:06'),
('80','aliquid','2009-12-04 06:27:43'),
('81','a','2008-08-17 15:48:57'),
('82','sit','1981-09-25 03:14:41'),
('83','earum','1992-05-19 07:11:58'),
('84','quas','2015-09-28 15:45:46'),
('85','at','1990-12-13 09:33:58'),
('86','repellendus','2013-10-31 21:22:14'),
('87','deserunt','1970-12-27 00:15:50'),
('88','nihil','2014-09-10 22:06:29'),
('89','libero','1981-06-16 22:00:42'),
('90','consequatur','2013-11-26 17:55:54'),
('91','molestiae','1993-06-11 09:14:31'),
('92','vitae','1993-04-19 12:47:46'),
('93','fugiat','2018-04-03 02:42:23'),
('94','excepturi','1978-10-21 22:10:05'),
('95','quis','1976-05-06 15:50:11'),
('96','delectus','1986-01-16 08:26:15'),
('97','exercitationem','1970-11-12 03:01:48'),
('98','eaque','1982-08-23 13:27:42'),
('99','dolorum','2016-08-31 11:49:59'),
('100','voluptate','2019-11-11 04:05:51'); 


DROP TABLE IF EXISTS `communities_users`;
CREATE TABLE `communities_users` (
  `community_id` int(10) unsigned NOT NULL,
  `user_id` int(10) unsigned NOT NULL,
  PRIMARY KEY (`community_id`,`user_id`)
) ENGINE=InnoDB DEFAULT CHARSET=utf8 COLLATE=utf8_unicode_ci;

INSERT INTO `communities_users` VALUES ('1','1'),
('2','2'),
('3','3'),
('4','4'),
('5','5'),
('6','6'),
('7','7'),
('8','8'),
('9','9'),
('10','10'),
('11','11'),
('12','12'),
('13','13'),
('14','14'),
('15','15'),
('16','16'),
('17','17'),
('18','18'),
('19','19'),
('20','20'),
('21','21'),
('22','22'),
('23','23'),
('24','24'),
('25','25'),
('26','26'),
('27','27'),
('28','28'),
('29','29'),
('30','30'),
('31','31'),
('32','32'),
('33','33'),
('34','34'),
('35','35'),
('36','36'),
('37','37'),
('38','38'),
('39','39'),
('40','40'),
('41','41'),
('42','42'),
('43','43'),
('44','44'),
('45','45'),
('46','46'),
('47','47'),
('48','48'),
('49','49'),
('50','50'),
('51','51'),
('52','52'),
('53','53'),
('54','54'),
('55','55'),
('56','56'),
('57','57'),
('58','58'),
('59','59'),
('60','60'),
('61','61'),
('62','62'),
('63','63'),
('64','64'),
('65','65'),
('66','66'),
('67','67'),
('68','68'),
('69','69'),
('70','70'),
('71','71'),
('72','72'),
('73','73'),
('74','74'),
('75','75'),
('76','76'),
('77','77'),
('78','78'),
('79','79'),
('80','80'),
('81','81'),
('82','82'),
('83','83'),
('84','84'),
('85','85'),
('86','86'),
('87','87'),
('88','88'),
('89','89'),
('90','90'),
('91','91'),
('92','92'),
('93','93'),
('94','94'),
('95','95'),
('96','96'),
('97','97'),
('98','98'),
('99','99'),
('100','100'); 


DROP TABLE IF EXISTS `country`;
CREATE TABLE `country` (
  `id` int(10) unsigned NOT NULL AUTO_INCREMENT,
  `country_name` varchar(100) COLLATE utf8_unicode_ci NOT NULL,
  `created_at` datetime DEFAULT current_timestamp(),
  `updated_at` datetime DEFAULT current_timestamp() ON UPDATE current_timestamp(),
  PRIMARY KEY (`id`),
  UNIQUE KEY `country_name` (`country_name`)
) ENGINE=InnoDB AUTO_INCREMENT=101 DEFAULT CHARSET=utf8 COLLATE=utf8_unicode_ci;

INSERT INTO `country` VALUES ('1','7','1992-10-05 13:51:45','1997-10-07 01:10:35'),
('2','9','1976-01-20 17:58:49','1973-12-25 06:24:43'),
('3','','1970-04-12 18:47:07','1983-09-13 06:58:07'),
('4','469','1977-01-12 05:07:55','1998-04-22 17:11:29'),
('5','675974658','2019-09-16 23:22:22','2006-09-12 13:18:29'),
('6','402276','2016-12-27 14:20:18','2009-02-06 21:11:36'),
('7','32598','1987-11-19 23:27:21','1978-07-14 17:18:23'),
('8','583','1973-03-27 07:36:15','2005-10-15 06:05:53'),
('9','7619','1999-03-11 11:06:20','2012-08-14 05:31:33'),
('10','439','1994-04-19 14:00:30','2013-05-20 18:46:31'),
('11','532461','1972-08-05 05:34:27','1972-03-28 05:06:55'),
('12','506','2000-07-17 03:54:45','1993-06-14 17:01:28'),
('13','435377445','1970-06-10 13:43:23','1995-06-22 01:28:54'),
('14','20794003','1985-12-06 15:34:11','1972-10-14 01:26:41'),
('15','46283393','2007-07-04 21:43:50','2003-06-23 09:33:19'),
('16','48663150','2000-06-26 14:27:41','1983-12-19 07:29:23'),
('17','4','2010-08-18 15:54:27','1999-10-24 16:51:58'),
('18','66316543','1987-03-02 13:47:50','1979-07-07 13:58:54'),
('19','412','1990-04-04 15:00:07','1995-05-31 17:01:08'),
('20','717','1975-11-20 01:21:02','1994-01-08 09:52:00'),
('21','35400994','1999-05-16 07:20:51','1987-01-09 14:17:59'),
('22','5','2008-03-09 07:07:23','1981-09-02 07:24:02'),
('23','6798','2001-03-29 19:01:44','2006-06-21 07:22:14'),
('24','99','1975-07-08 02:13:12','1977-04-10 03:12:39'),
('25','83417661','2008-03-17 10:00:57','2010-10-15 07:07:53'),
('26','6892368','1984-06-05 19:30:20','1988-07-15 07:51:10'),
('27','44','1982-08-06 18:41:24','1993-06-22 10:02:23'),
('28','310616696','2004-09-19 01:34:23','1987-07-28 10:32:01'),
('29','521591','1986-06-13 06:33:11','2008-08-01 10:43:40'),
('30','643','1989-09-12 16:23:27','1992-05-29 09:29:17'),
('31','421','1996-12-05 14:51:24','2007-03-30 15:30:43'),
('32','94002','2002-07-02 23:54:47','1992-06-12 07:16:56'),
('33','6623600','1989-05-27 10:47:40','2001-04-21 16:25:06'),
('34','363524945','1976-01-22 20:24:26','2015-07-24 20:40:56'),
('35','69560805','2017-01-04 23:20:52','2005-07-06 04:36:33'),
('36','8690638','1971-05-21 12:55:16','1991-10-29 15:37:34'),
('37','69331','2018-09-28 06:09:38','1991-10-13 16:30:06'),
('38','362010','1990-05-19 04:34:56','2014-12-08 18:49:11'),
('39','932','1985-01-23 06:43:47','1996-04-12 20:47:47'),
('40','5796','2017-04-14 22:09:55','1981-02-07 16:12:23'),
('41','2907841','2006-08-28 19:12:59','2011-12-14 23:31:26'),
('42','177290148','2017-05-04 01:40:03','2010-12-30 23:02:49'),
('43','24','2005-12-13 00:27:00','1992-03-24 06:58:01'),
('44','23','2008-05-27 00:41:14','2005-10-04 06:28:03'),
('45','344837','2009-08-05 05:59:03','1974-01-24 03:30:44'),
('46','4456601','1976-06-11 14:11:54','2016-08-19 02:47:35'),
('47','19','2001-03-10 00:27:11','1974-12-13 06:17:05'),
('48','4205145','1978-10-03 16:04:05','1998-10-01 07:41:44'),
('49','180287','2012-05-17 04:48:01','2014-09-12 20:37:22'),
('50','626','1983-01-22 16:52:40','2019-11-25 13:32:16'),
('51','61813','1977-07-14 08:48:17','2014-12-11 01:31:19'),
('52','79832','1974-05-25 00:32:03','2002-01-08 19:49:58'),
('53','381341','1996-04-10 07:21:49','1993-08-16 20:31:15'),
('54','3601792','1980-01-06 13:39:24','1973-04-28 07:10:17'),
('55','854937103','1983-06-16 22:52:23','2016-12-14 00:06:14'),
('56','3231','1982-06-09 07:22:15','2011-02-19 08:39:45'),
('57','80671181','1985-08-10 13:17:38','1971-01-20 13:04:53'),
('58','271','2005-11-02 14:42:18','1988-11-22 16:31:05'),
('59','47974014','1981-12-31 12:56:51','2001-04-18 01:56:14'),
('60','6','1978-09-16 10:22:35','1993-01-10 18:14:31'),
('61','404456','1985-04-19 07:12:11','1970-07-24 16:02:35'),
('62','1','1999-05-14 22:46:33','2000-03-19 11:26:46'),
('63','6783','2013-03-29 04:40:59','1982-06-04 20:50:26'),
('64','69302','1991-02-04 17:00:07','2002-04-20 03:10:09'),
('65','53645','2012-01-24 23:28:17','2014-08-10 12:52:18'),
('66','75413734','1998-10-19 01:12:08','1991-12-21 11:37:34'),
('67','87','1993-12-28 16:47:21','1970-06-10 06:39:53'),
('68','47404477','1986-12-29 18:20:13','2000-11-12 10:25:06'),
('69','969338','1990-08-29 10:45:10','2012-06-24 03:45:53'),
('70','41494740','1987-05-28 00:11:01','1977-07-19 00:25:12'),
('71','539','1990-02-15 21:40:23','1990-08-18 03:05:15'),
('72','5400','1972-08-25 10:47:53','2003-06-09 00:27:25'),
('73','151922547','1995-07-28 09:41:11','1989-01-17 23:01:59'),
('74','423781266','1995-01-02 06:32:00','2001-10-31 21:24:33'),
('75','44165','1979-04-19 22:52:36','2003-11-06 11:18:50'),
('76','5217','1979-01-28 05:39:47','1979-02-14 19:46:34'),
('77','39415351','2014-09-14 04:56:57','2013-02-18 22:45:50'),
('78','6433009','1970-11-06 18:06:21','2007-07-05 00:44:20'),
('79','74320','2016-09-08 05:01:32','1981-03-21 17:20:36'),
('80','639864','1987-07-07 23:30:34','2008-08-21 23:33:26'),
('81','10978','2006-05-09 17:16:36','2010-12-04 04:51:24'),
('82','334840644','1978-01-31 11:05:41','1982-01-11 17:59:56'),
('83','680','1982-09-07 07:29:46','2005-05-26 22:26:59'),
('84','52198282','1991-08-28 14:32:30','1987-11-20 17:00:36'),
('85','3','1978-08-18 02:14:26','1988-04-22 01:35:29'),
('86','45317','1972-07-19 00:39:15','1977-01-01 13:17:52'),
('87','448753938','2020-01-17 18:46:01','1997-12-04 06:06:01'),
('88','492679','1970-11-05 05:53:25','1985-11-06 07:04:53'),
('89','35432','1995-05-27 00:58:38','2007-06-18 12:20:15'),
('90','247237512','1971-10-21 00:42:37','1983-04-14 09:42:31'),
('91','8821','2018-03-10 12:31:16','1998-12-19 02:13:19'),
('92','757505934','1987-05-24 14:15:39','2001-11-05 05:12:29'),
('93','8','2017-04-23 13:21:01','2018-06-23 03:10:59'),
('94','266','1976-05-04 16:04:21','1971-02-01 00:29:40'),
('95','758','1985-08-14 21:54:17','2009-04-03 17:20:33'),
('96','60','1975-02-19 15:28:09','1985-04-15 19:03:30'),
('97','712678','2009-02-07 04:57:04','1987-01-27 02:07:29'),
('98','978473','1976-10-03 23:15:03','1994-04-07 16:23:42'),
('99','137','1977-05-18 07:08:19','1981-03-01 20:01:01'),
('100','58983606','1984-09-07 04:29:11','1980-02-01 09:29:04'); 


DROP TABLE IF EXISTS `friendship`;
CREATE TABLE `friendship` (
  `user_id` int(10) unsigned NOT NULL,
  `friend_id` int(10) unsigned NOT NULL,
  `status_id` int(10) unsigned NOT NULL,
  `requested_at` datetime DEFAULT current_timestamp(),
  `confirmed_at` datetime DEFAULT NULL,
  PRIMARY KEY (`user_id`,`friend_id`)
) ENGINE=InnoDB DEFAULT CHARSET=utf8 COLLATE=utf8_unicode_ci;

INSERT INTO `friendship` VALUES ('1','1','1','2016-01-13 17:54:44','1972-12-30 10:30:17'),
('2','2','2','1978-02-16 19:27:58','2006-11-25 10:28:10'),
('3','3','3','2012-03-08 17:01:35','1998-01-26 20:05:47'),
('4','4','4','1988-01-01 00:24:58','1970-07-06 21:07:22'),
('5','5','5','1976-01-28 07:39:33','2019-02-15 22:21:23'),
('6','6','6','1998-05-10 03:29:33','1971-10-29 18:53:41'),
('7','7','7','1982-08-06 10:58:10','1979-11-23 14:43:24'),
('8','8','8','1974-10-28 04:47:06','1999-02-04 06:05:04'),
('9','9','9','1988-05-14 16:14:27','1988-06-29 15:17:05'),
('10','10','10','1991-03-14 08:43:31','1985-11-02 03:18:02'),
('11','11','11','1985-07-19 13:57:52','1974-12-21 23:00:48'),
('12','12','12','2007-04-02 14:57:53','1980-07-15 21:54:11'),
('13','13','13','1973-03-20 11:20:24','1995-11-06 19:46:31'),
('14','14','14','2009-07-28 23:55:38','2010-04-21 22:45:22'),
('15','15','15','1998-03-22 05:10:18','2010-09-05 09:57:17'),
('16','16','16','1991-11-18 03:01:39','2007-11-14 02:10:38'),
('17','17','17','2001-11-29 00:25:41','1997-10-11 03:22:58'),
('18','18','18','2012-12-31 08:57:16','2006-01-03 08:28:46'),
('19','19','19','1990-01-17 01:55:50','2014-08-29 02:55:18'),
('20','20','20','1999-03-29 13:48:28','1989-04-18 02:09:39'),
('21','21','21','2012-12-08 15:34:21','1998-06-28 13:01:16'),
('22','22','22','2010-09-11 00:17:55','2003-11-10 01:24:43'),
('23','23','23','2000-08-28 12:59:27','2019-11-23 16:49:55'),
('24','24','24','1978-02-16 18:25:02','2003-02-24 23:03:32'),
('25','25','25','1994-06-15 01:02:13','2004-01-25 05:13:17'),
('26','26','26','1999-09-12 04:47:11','1972-09-28 23:02:12'),
('27','27','27','1996-01-23 01:33:38','1991-04-13 17:10:50'),
('28','28','28','2014-10-05 16:24:28','1975-09-23 09:48:03'),
('29','29','29','2013-02-12 03:14:50','1983-07-15 13:24:32'),
('30','30','30','1983-10-24 12:05:45','1984-08-03 01:17:51'),
('31','31','31','1984-08-06 11:02:52','2001-12-31 22:16:49'),
('32','32','32','1972-04-02 16:58:09','2016-12-10 18:32:29'),
('33','33','33','1997-11-04 01:31:58','1984-07-08 15:09:49'),
('34','34','34','1987-09-16 16:10:18','2010-11-12 14:23:28'),
('35','35','35','2012-03-12 12:01:24','2008-06-28 20:36:40'),
('36','36','36','2011-04-16 11:38:15','1982-11-02 00:39:19'),
('37','37','37','2005-05-25 23:35:44','1993-12-06 10:47:40'),
('38','38','38','2000-03-08 15:18:59','1981-08-30 10:15:40'),
('39','39','39','1995-03-14 08:11:47','1980-04-16 16:17:38'),
('40','40','40','2009-11-22 15:51:38','1985-12-06 23:56:24'),
('41','41','41','2004-11-05 13:58:53','2002-06-13 02:45:23'),
('42','42','42','2007-03-04 01:56:43','1996-11-20 10:50:15'),
('43','43','43','2012-01-30 20:55:35','1975-01-04 15:18:53'),
('44','44','44','2008-09-07 12:02:59','2019-10-22 14:31:34'),
('45','45','45','1979-07-08 21:22:58','1985-06-20 22:00:59'),
('46','46','46','2010-08-22 07:17:53','1995-12-13 15:48:58'),
('47','47','47','2008-12-09 23:50:11','1984-11-10 14:11:35'),
('48','48','48','1989-06-13 11:40:37','1988-01-24 12:48:45'),
('49','49','49','2002-06-05 01:29:03','2009-03-18 19:37:55'),
('50','50','50','1990-04-09 03:30:58','1985-05-26 07:45:04'),
('51','51','51','1992-04-26 12:32:29','1975-11-18 15:07:26'),
('52','52','52','2016-07-29 00:11:28','1981-07-26 06:14:47'),
('53','53','53','1996-12-31 21:15:02','2008-06-05 17:48:02'),
('54','54','54','2002-01-01 08:39:29','2005-08-05 21:10:26'),
('55','55','55','2002-11-03 15:45:08','2010-01-01 06:56:51'),
('56','56','56','1972-06-12 11:07:11','1976-11-19 03:20:29'),
('57','57','57','2006-06-20 07:19:06','1975-12-20 06:33:18'),
('58','58','58','1982-06-13 22:01:00','2012-09-27 04:38:32'),
('59','59','59','1980-01-13 05:10:36','1994-11-20 08:27:19'),
('60','60','60','2012-05-12 12:04:18','2012-11-28 08:32:14'),
('61','61','61','2001-10-28 22:21:56','2007-07-11 06:34:15'),
('62','62','62','1993-12-21 01:34:42','2000-01-03 03:42:47'),
('63','63','63','1979-05-18 06:36:45','1990-07-22 02:45:10'),
('64','64','64','2014-08-02 02:57:00','1997-03-21 18:28:02'),
('65','65','65','2009-03-01 11:50:03','1987-07-11 22:51:41'),
('66','66','66','1997-03-13 04:31:10','1974-03-10 21:16:57'),
('67','67','67','1995-10-15 20:45:44','1996-11-14 05:03:55'),
('68','68','68','2011-07-22 14:07:09','2002-08-22 21:15:48'),
('69','69','69','1986-04-21 03:10:37','2005-08-26 22:13:39'),
('70','70','70','1972-02-14 06:49:36','2000-11-04 02:30:56'),
('71','71','71','1997-02-07 18:59:44','2001-06-16 15:13:09'),
('72','72','72','1974-05-29 16:12:31','1987-12-18 08:18:24'),
('73','73','73','1994-03-24 15:55:09','2014-08-05 00:49:02'),
('74','74','74','1994-11-07 22:53:58','1974-10-19 14:09:45'),
('75','75','75','1999-09-16 21:20:51','2000-02-02 09:54:40'),
('76','76','76','2003-05-31 23:27:18','1988-11-19 23:57:24'),
('77','77','77','2003-02-02 02:10:01','2004-02-10 14:32:52'),
('78','78','78','2010-03-16 21:34:00','2011-07-31 22:45:11'),
('79','79','79','1985-10-24 18:16:34','2017-01-11 02:01:55'),
('80','80','80','1989-09-07 10:23:16','1975-01-26 13:19:05'),
('81','81','81','2019-10-16 23:54:59','2016-07-11 00:26:53'),
('82','82','82','1979-10-07 07:27:33','1986-06-10 11:56:09'),
('83','83','83','2004-11-10 10:47:57','1977-08-20 03:17:12'),
('84','84','84','2005-06-03 20:56:46','2001-11-18 01:05:48'),
('85','85','85','1988-10-02 05:32:26','1970-05-01 07:21:37'),
('86','86','86','1976-03-10 17:00:19','1993-05-13 08:54:22'),
('87','87','87','1982-09-15 06:13:37','1986-11-10 08:35:31'),
('88','88','88','1992-06-16 00:09:55','2007-05-05 14:48:37'),
('89','89','89','1971-11-01 14:19:37','1994-03-01 01:58:29'),
('90','90','90','1974-02-22 12:56:26','1980-10-26 11:18:56'),
('91','91','91','1989-03-17 02:09:09','2005-07-24 20:26:23'),
('92','92','92','1989-08-13 08:20:48','1993-09-02 03:50:46'),
('93','93','93','1972-05-07 00:25:45','1991-07-10 20:32:20'),
('94','94','94','2018-10-27 20:52:57','2010-12-19 23:06:49'),
('95','95','95','1978-08-08 23:40:36','2018-08-02 09:27:04'),
('96','96','96','1995-11-09 16:17:13','1999-09-17 05:35:18'),
('97','97','97','1993-11-23 11:35:41','1981-08-24 22:47:14'),
('98','98','98','2006-11-06 21:05:58','2010-03-03 08:45:25'),
('99','99','99','1985-03-11 12:11:53','1981-07-20 18:04:07'),
('100','100','100','1975-03-21 19:58:58','2006-05-06 15:24:55'); 


DROP TABLE IF EXISTS `friendship_statuses`;
CREATE TABLE `friendship_statuses` (
  `id` int(10) unsigned NOT NULL AUTO_INCREMENT,
  `name` varchar(150) COLLATE utf8_unicode_ci NOT NULL,
  `created_at` datetime DEFAULT current_timestamp(),
  PRIMARY KEY (`id`),
  UNIQUE KEY `name` (`name`)
) ENGINE=InnoDB AUTO_INCREMENT=101 DEFAULT CHARSET=utf8 COLLATE=utf8_unicode_ci;

INSERT INTO `friendship_statuses` VALUES ('1','ducimus','2008-08-04 13:01:03'),
('2','et','2006-10-24 20:02:34'),
('3','perspiciatis','1971-10-18 14:42:38'),
('4','enim','1979-03-25 14:20:05'),
('5','veniam','1989-09-07 04:48:22'),
('6','commodi','1980-11-20 02:08:00'),
('7','aut','1998-02-21 17:34:36'),
('8','quia','1976-09-18 03:10:53'),
('9','laborum','1991-05-29 16:44:58'),
('10','animi','1979-02-22 03:18:54'),
('11','velit','2009-03-09 08:56:17'),
('12','voluptas','1987-11-10 23:53:54'),
('13','nihil','2004-10-29 01:35:34'),
('14','facere','1990-12-06 04:24:20'),
('15','quo','2011-06-20 07:32:56'),
('16','provident','1979-07-29 11:45:22'),
('17','eligendi','2009-09-15 09:52:34'),
('18','voluptatem','2019-01-09 10:44:15'),
('19','in','1997-01-21 19:06:21'),
('20','dolores','1985-04-25 05:34:28'),
('21','iure','1987-02-17 17:30:39'),
('22','ut','2014-06-13 10:17:26'),
('23','quas','1998-06-04 03:11:05'),
('24','sunt','1970-06-03 15:23:16'),
('25','explicabo','1975-01-22 02:25:23'),
('26','aspernatur','1991-08-05 06:46:39'),
('27','eveniet','2001-06-09 19:58:02'),
('28','expedita','1975-04-14 00:29:47'),
('29','maxime','1986-03-23 12:20:49'),
('30','est','1989-07-08 05:29:04'),
('31','at','1979-04-13 20:24:37'),
('32','molestiae','1996-12-06 03:22:27'),
('33','ea','2006-12-30 07:34:10'),
('34','dolorem','2009-07-23 11:01:34'),
('35','alias','2003-04-06 15:33:43'),
('36','qui','1985-03-22 08:34:03'),
('37','sed','2002-10-17 17:28:38'),
('38','illo','1974-04-19 10:20:52'),
('39','asperiores','1988-09-28 15:43:42'),
('40','autem','1977-08-05 14:39:21'),
('41','excepturi','1978-06-12 01:05:50'),
('42','repudiandae','1973-08-18 09:15:42'),
('43','magnam','1981-12-29 09:05:49'),
('44','dicta','2000-06-27 12:54:15'),
('45','eum','1984-05-15 18:11:20'),
('46','neque','1974-04-21 11:06:37'),
('47','vitae','2001-05-27 09:32:10'),
('48','iste','2009-05-30 00:59:10'),
('49','non','1994-02-19 13:01:59'),
('50','accusamus','1995-10-28 21:43:07'),
('51','tenetur','1994-05-14 05:04:30'),
('52','omnis','1974-05-30 17:16:31'),
('53','soluta','1996-11-13 06:27:34'),
('54','sit','1992-03-04 00:00:14'),
('55','quasi','1994-05-31 06:46:23'),
('56','rerum','2018-01-22 21:23:14'),
('57','fuga','2004-01-26 20:50:59'),
('58','tempore','2013-02-08 11:16:17'),
('59','deserunt','2005-07-27 06:31:08'),
('60','illum','2000-04-08 20:15:02'),
('61','ipsa','1975-11-24 15:33:04'),
('62','dolore','1992-08-13 09:38:52'),
('63','facilis','1990-03-31 09:30:53'),
('64','incidunt','2009-02-21 20:56:19'),
('65','temporibus','1980-09-17 15:30:51'),
('66','vero','1985-06-28 18:44:14'),
('67','harum','2009-07-22 02:58:19'),
('68','nisi','2002-08-28 11:38:45'),
('69','atque','1979-11-01 19:30:08'),
('70','culpa','1988-04-09 20:56:38'),
('71','rem','1977-02-12 23:28:47'),
('72','mollitia','2011-02-23 19:05:01'),
('73','earum','1972-11-01 10:57:20'),
('74','perferendis','2017-09-07 10:29:03'),
('75','dolor','2015-03-25 02:28:49'),
('76','occaecati','2008-09-04 23:21:56'),
('77','totam','2005-09-03 01:02:20'),
('78','deleniti','2009-01-25 00:01:04'),
('79','reprehenderit','1985-04-25 04:11:04'),
('80','numquam','1988-02-05 07:21:59'),
('81','quod','2002-07-09 23:32:24'),
('82','id','1994-09-01 00:53:25'),
('83','pariatur','2012-02-20 19:40:51'),
('84','esse','1980-06-29 18:35:04'),
('85','molestias','2020-01-28 17:47:01'),
('86','nobis','1982-10-02 08:31:37'),
('87','tempora','1984-05-04 10:06:13'),
('88','inventore','2012-06-10 09:24:05'),
('89','quam','2017-03-28 04:46:46'),
('90','libero','1972-12-31 09:21:18'),
('91','ipsum','1977-08-26 00:53:53'),
('92','ad','1974-06-22 05:37:07'),
('93','corporis','1976-09-12 18:19:14'),
('94','voluptates','2014-02-13 22:59:59'),
('95','recusandae','2000-09-23 02:21:48'),
('96','repellat','1998-08-03 05:16:38'),
('97','sapiente','2011-02-19 19:16:56'),
('98','eius','1988-04-11 03:34:27'),
('99','praesentium','1971-01-09 17:32:36'),
('100','laudantium','1979-08-25 05:25:26'); 


DROP TABLE IF EXISTS `media`;
CREATE TABLE `media` (
  `id` int(10) unsigned NOT NULL AUTO_INCREMENT,
  `media_type_id` int(10) unsigned NOT NULL,
  `user_id` int(10) unsigned NOT NULL,
  `filename` varchar(255) COLLATE utf8_unicode_ci NOT NULL,
  `size` int(11) NOT NULL,
  `metadata` longtext CHARACTER SET utf8mb4 COLLATE utf8mb4_bin DEFAULT NULL,
  `created_at` datetime DEFAULT current_timestamp(),
  `updated_at` datetime DEFAULT current_timestamp() ON UPDATE current_timestamp(),
  PRIMARY KEY (`id`)
) ENGINE=InnoDB AUTO_INCREMENT=101 DEFAULT CHARSET=utf8 COLLATE=utf8_unicode_ci;

INSERT INTO `media` VALUES ('1','1','1','officia','34857341',NULL,'1984-09-13 13:35:30','1997-10-02 12:34:59'),
('2','2','2','sapiente','34809',NULL,'1976-07-15 16:36:39','2004-04-16 00:08:33'),
('3','3','3','pariatur','253',NULL,'2010-03-19 08:39:55','1999-07-19 19:51:09'),
('4','4','4','et','5102397',NULL,'2009-03-10 04:01:11','2018-11-08 04:13:27'),
('5','5','5','nobis','6295',NULL,'2008-04-10 00:39:22','1984-12-06 14:33:27'),
('6','6','6','repellat','39010862',NULL,'1984-04-19 21:25:41','1999-08-01 06:14:13'),
('7','7','7','perferendis','8823',NULL,'2017-12-14 15:11:28','2019-03-31 19:02:10'),
('8','8','8','optio','68959439',NULL,'2002-04-29 14:08:38','2013-08-02 11:24:36'),
('9','9','9','neque','8660',NULL,'1985-10-14 23:29:01','2001-11-09 07:58:56'),
('10','10','10','ducimus','9425572',NULL,'1972-10-08 15:52:05','1984-12-31 01:11:06'),
('11','11','11','provident','0',NULL,'1982-09-22 01:41:33','2019-12-31 21:29:47'),
('12','12','12','praesentium','12669',NULL,'1972-10-30 00:53:55','2019-10-30 13:59:45'),
('13','13','13','aut','429386',NULL,'1979-09-11 05:49:24','2009-09-12 08:47:25'),
('14','14','14','itaque','8',NULL,'1991-11-02 19:06:52','2012-09-01 17:16:36'),
('15','15','15','nihil','184',NULL,'2011-01-05 10:39:07','2007-06-21 14:45:48'),
('16','16','16','eius','0',NULL,'1993-05-20 07:05:01','1996-05-17 00:15:41'),
('17','17','17','est','88',NULL,'2006-06-04 09:41:54','1973-04-19 12:36:21'),
('18','18','18','ut','1',NULL,'1971-12-31 18:48:29','1972-05-15 19:32:24'),
('19','19','19','odit','0',NULL,'1981-02-28 01:42:54','2015-10-01 09:14:06'),
('20','20','20','quaerat','68538512',NULL,'2011-12-01 11:55:17','2001-03-27 20:12:16'),
('21','21','21','fugit','563452',NULL,'1972-03-22 10:05:29','1980-04-02 18:46:41'),
('22','22','22','facere','84234',NULL,'2015-03-26 22:09:34','2009-10-15 16:00:43'),
('23','23','23','quam','95552',NULL,'1979-12-31 22:52:19','2013-05-02 22:58:30'),
('24','24','24','excepturi','989806709',NULL,'2007-11-03 05:01:21','1995-01-06 12:09:54'),
('25','25','25','et','400725287',NULL,'1989-03-06 22:35:20','2011-01-08 20:37:08'),
('26','26','26','neque','597404',NULL,'2015-01-08 09:40:03','2015-08-05 16:27:49'),
('27','27','27','sint','403264',NULL,'2016-06-08 09:57:50','1985-09-05 15:47:54'),
('28','28','28','exercitationem','0',NULL,'2006-06-20 21:26:49','1993-07-10 20:45:12'),
('29','29','29','omnis','991870',NULL,'1982-06-24 12:30:24','1972-09-08 18:56:32'),
('30','30','30','doloremque','78700',NULL,'1970-02-26 01:02:29','2010-07-21 05:37:46'),
('31','31','31','eum','51474593',NULL,'1991-01-16 21:35:43','1997-09-09 08:38:32'),
('32','32','32','nihil','133',NULL,'1992-08-21 17:53:02','2002-02-01 04:46:55'),
('33','33','33','qui','697777674',NULL,'2005-03-03 21:48:48','2003-12-18 14:20:19'),
('34','34','34','enim','70662313',NULL,'1982-09-02 01:04:22','2010-09-11 14:29:57'),
('35','35','35','quidem','4',NULL,'2002-04-27 07:39:21','1991-12-15 05:32:17'),
('36','36','36','nam','855',NULL,'1973-06-14 09:16:54','1992-03-11 09:06:46'),
('37','37','37','et','6512206',NULL,'1995-02-09 21:16:25','2011-01-13 09:27:31'),
('38','38','38','quibusdam','653',NULL,'1981-10-18 19:55:28','1974-01-21 10:22:30'),
('39','39','39','in','590586793',NULL,'2001-03-16 03:55:12','2017-08-30 00:48:48'),
('40','40','40','velit','2',NULL,'2010-02-22 09:04:11','1994-07-18 14:07:07'),
('41','41','41','dolorum','75',NULL,'2016-06-18 10:01:45','1995-04-04 23:03:41'),
('42','42','42','sint','38657',NULL,'1970-10-16 15:42:04','1974-05-24 18:08:46'),
('43','43','43','velit','82931247',NULL,'2016-08-26 01:01:15','2011-08-21 16:22:32'),
('44','44','44','et','30725112',NULL,'1982-06-26 17:30:13','1972-05-13 20:50:00'),
('45','45','45','id','17',NULL,'1980-04-02 18:59:04','2002-12-11 21:43:23'),
('46','46','46','provident','0',NULL,'1982-11-24 04:09:13','1972-02-26 10:26:24'),
('47','47','47','ea','109202',NULL,'2001-05-23 19:54:50','1972-03-15 23:06:08'),
('48','48','48','dolores','6',NULL,'2013-02-07 02:19:05','2015-03-12 01:42:37'),
('49','49','49','nulla','681166',NULL,'2010-12-02 03:03:45','1996-06-10 11:24:35'),
('50','50','50','maiores','0',NULL,'1995-05-02 13:36:08','2016-12-22 06:27:44'),
('51','51','51','commodi','339',NULL,'2004-03-28 05:38:02','1974-05-20 17:07:05'),
('52','52','52','eum','1766',NULL,'1987-12-22 00:15:58','1984-12-04 11:18:37'),
('53','53','53','enim','270132',NULL,'1972-11-20 13:04:58','1988-06-14 23:13:36'),
('54','54','54','dignissimos','2',NULL,'2002-05-29 19:48:40','1989-10-30 04:43:27'),
('55','55','55','sed','7530',NULL,'2001-04-26 08:41:19','1995-04-29 07:43:59'),
('56','56','56','sunt','879',NULL,'2010-01-09 21:50:45','1982-09-19 08:37:30'),
('57','57','57','corporis','10502',NULL,'1973-04-23 18:00:46','1987-08-03 03:53:56'),
('58','58','58','ex','8',NULL,'1992-12-29 09:22:47','1995-12-01 23:14:41'),
('59','59','59','aut','86870',NULL,'2010-04-28 11:12:39','2019-06-16 17:01:24'),
('60','60','60','omnis','89875498',NULL,'1972-01-08 11:59:45','1990-04-17 22:33:33'),
('61','61','61','dolor','622',NULL,'2016-09-22 07:55:44','2008-10-06 06:22:02'),
('62','62','62','molestiae','46694',NULL,'1983-02-03 04:18:40','1982-05-16 02:41:44'),
('63','63','63','et','76004557',NULL,'2003-05-23 10:54:53','2005-07-19 18:23:59'),
('64','64','64','quae','18',NULL,'1973-01-17 04:22:16','2003-03-15 07:32:46'),
('65','65','65','quae','42964',NULL,'1991-02-06 16:52:49','1991-11-12 22:39:23'),
('66','66','66','maxime','57801',NULL,'1988-01-09 14:58:20','1979-02-17 08:54:19'),
('67','67','67','in','0',NULL,'2010-02-12 00:38:57','2020-01-27 02:12:38'),
('68','68','68','quod','9709822',NULL,'2006-04-27 22:41:12','2000-11-29 19:21:45'),
('69','69','69','amet','55',NULL,'1974-04-29 06:15:06','2002-11-01 10:07:43'),
('70','70','70','quo','673',NULL,'2016-04-18 10:53:11','1988-04-22 05:55:01'),
('71','71','71','totam','6328',NULL,'1983-08-16 07:52:06','2012-08-24 23:47:06'),
('72','72','72','illum','9515696',NULL,'2009-07-10 06:51:54','1971-08-21 05:31:04'),
('73','73','73','enim','1',NULL,'1979-08-15 12:48:41','2003-12-27 19:24:22'),
('74','74','74','quis','73',NULL,'1973-09-21 07:03:42','1989-08-03 07:18:25'),
('75','75','75','assumenda','4632',NULL,'1978-09-12 01:04:45','1972-05-15 22:06:33'),
('76','76','76','architecto','32549',NULL,'2009-12-12 08:52:23','2006-09-30 04:40:53'),
('77','77','77','debitis','96200898',NULL,'2004-09-18 18:35:53','1970-06-28 20:17:46'),
('78','78','78','nam','2457986',NULL,'2011-12-10 19:48:24','1986-07-15 03:11:51'),
('79','79','79','adipisci','771138550',NULL,'1994-10-07 16:51:53','1987-03-28 10:51:59'),
('80','80','80','voluptatem','6',NULL,'1976-10-01 03:31:09','2008-02-15 10:48:23'),
('81','81','81','numquam','153',NULL,'1994-08-12 17:49:54','2009-06-27 08:40:24'),
('82','82','82','soluta','71',NULL,'1984-12-26 21:21:00','2002-04-30 06:33:09'),
('83','83','83','aut','204',NULL,'1978-02-01 02:32:43','1982-03-18 19:41:55'),
('84','84','84','quia','51686',NULL,'2009-09-08 08:04:36','1971-09-23 05:00:29'),
('85','85','85','aut','57169864',NULL,'1986-01-26 09:01:51','1985-07-28 22:18:02'),
('86','86','86','amet','74',NULL,'1973-05-07 07:24:15','1973-05-18 20:37:35'),
('87','87','87','dolor','52',NULL,'1986-06-07 04:06:12','2008-04-27 07:29:35'),
('88','88','88','ducimus','0',NULL,'1997-03-11 12:39:39','1996-08-08 11:52:10'),
('89','89','89','porro','0',NULL,'1990-12-07 08:39:42','2002-02-06 13:46:08'),
('90','90','90','sed','6',NULL,'1995-06-21 13:38:20','1992-09-05 01:12:36'),
('91','91','91','blanditiis','30565',NULL,'2006-01-24 14:18:11','1994-03-24 13:36:41'),
('92','92','92','eaque','288524',NULL,'2011-05-14 23:49:29','2017-03-22 12:20:24'),
('93','93','93','itaque','10',NULL,'2017-02-22 04:13:30','2002-04-18 20:26:17'),
('94','94','94','est','5',NULL,'1995-06-18 07:25:35','1987-08-23 19:17:56'),
('95','95','95','omnis','456318',NULL,'2015-01-15 15:44:26','1975-11-01 12:00:09'),
('96','96','96','ipsa','0',NULL,'2000-02-22 20:45:41','2007-04-15 15:40:49'),
('97','97','97','ratione','7331',NULL,'1993-12-29 04:17:28','1975-12-11 20:35:53'),
('98','98','98','blanditiis','3',NULL,'2016-06-09 21:47:54','1981-10-05 00:17:50'),
('99','99','99','voluptatem','173931',NULL,'2019-04-09 17:15:38','1970-03-02 15:45:23'),
('100','100','100','aliquam','33',NULL,'1979-09-13 18:57:29','1988-05-29 21:06:13'); 


DROP TABLE IF EXISTS `media_types`;
CREATE TABLE `media_types` (
  `id` int(10) unsigned NOT NULL AUTO_INCREMENT,
  `name` varchar(255) COLLATE utf8_unicode_ci NOT NULL,
  `created_at` datetime DEFAULT current_timestamp(),
  PRIMARY KEY (`id`),
  UNIQUE KEY `name` (`name`)
) ENGINE=InnoDB AUTO_INCREMENT=101 DEFAULT CHARSET=utf8 COLLATE=utf8_unicode_ci;

INSERT INTO `media_types` VALUES ('1','nam','2010-10-08 04:29:43'),
('2','odio','1975-02-17 15:17:30'),
('3','eum','1996-12-27 18:09:21'),
('4','doloremque','1972-07-07 06:43:45'),
('5','nesciunt','1992-05-08 18:30:23'),
('6','non','1973-12-08 14:32:37'),
('7','ut','2018-06-08 20:52:53'),
('8','ex','1994-12-06 18:00:04'),
('9','minima','2014-03-04 13:17:28'),
('10','est','1988-06-10 23:04:12'),
('11','quis','2003-10-02 16:23:56'),
('12','nulla','1979-10-16 10:27:45'),
('13','autem','1992-06-29 11:41:42'),
('14','quia','2019-11-30 02:33:06'),
('15','soluta','2014-05-03 06:34:29'),
('16','maiores','1990-09-12 08:32:37'),
('17','incidunt','1978-04-25 23:00:22'),
('18','eligendi','1996-05-26 23:42:14'),
('19','dolorem','1981-11-26 14:48:28'),
('20','eius','2012-02-22 06:00:52'),
('21','optio','1997-05-08 11:02:43'),
('22','sed','1996-11-22 16:38:52'),
('23','a','2016-10-24 18:38:56'),
('24','doloribus','2000-07-09 08:30:09'),
('25','molestiae','1972-01-19 15:56:18'),
('26','debitis','2016-01-30 20:21:36'),
('27','sunt','2000-08-17 04:52:32'),
('28','et','1981-04-26 02:58:27'),
('29','vel','2018-06-23 12:27:26'),
('30','temporibus','1975-04-18 22:29:04'),
('31','in','1984-10-09 00:15:40'),
('32','qui','2016-03-30 23:06:24'),
('33','harum','2019-07-05 22:05:38'),
('34','aperiam','2002-03-10 14:56:45'),
('35','voluptatem','2007-08-26 04:52:32'),
('36','dignissimos','1984-02-02 17:20:53'),
('37','voluptas','1998-03-08 04:44:24'),
('38','nihil','1971-01-22 14:16:58'),
('39','modi','1997-12-24 22:43:11'),
('40','illum','1983-01-27 03:34:26'),
('41','mollitia','2002-03-27 09:28:30'),
('42','aspernatur','1998-11-01 19:46:18'),
('43','quae','1997-12-28 10:51:39'),
('44','culpa','1993-04-20 14:06:51'),
('45','animi','1984-03-15 00:15:39'),
('46','dolore','2008-02-20 20:21:10'),
('47','repellat','1981-05-19 09:45:28'),
('48','laborum','2012-05-28 10:28:54'),
('49','iusto','2010-06-26 23:45:57'),
('50','quo','1983-01-18 21:10:04'),
('51','perferendis','1993-12-01 02:54:04'),
('52','architecto','2010-12-21 00:17:02'),
('53','quaerat','1986-12-19 02:59:17'),
('54','corporis','1999-02-13 07:52:55'),
('55','rerum','1985-11-27 12:42:03'),
('56','omnis','2012-04-06 04:52:53'),
('57','reiciendis','2014-03-10 02:39:17'),
('58','deserunt','1982-07-24 13:17:40'),
('59','officia','1980-09-16 01:53:41'),
('60','dolores','1973-03-29 13:39:06'),
('61','consequatur','1974-03-23 09:21:42'),
('62','dicta','2011-05-24 17:02:03'),
('63','expedita','2006-12-21 11:05:48'),
('64','provident','1983-08-14 21:12:43'),
('65','tempora','2006-09-26 19:01:13'),
('66','quisquam','2008-05-31 15:31:10'),
('67','quibusdam','1977-01-30 10:39:57'),
('68','commodi','2018-07-20 12:56:40'),
('69','esse','2011-08-11 20:32:56'),
('70','perspiciatis','1979-11-28 23:14:13'),
('71','aut','1980-05-30 09:42:37'),
('72','hic','2014-12-23 23:09:57'),
('73','id','1978-10-29 21:45:14'),
('74','delectus','2002-03-02 17:15:53'),
('75','eveniet','2016-07-21 04:42:46'),
('76','alias','1970-05-21 23:57:26'),
('77','nisi','2011-02-11 12:37:34'),
('78','eos','2008-04-07 16:12:26'),
('79','enim','2008-05-25 15:07:40'),
('80','corrupti','2004-05-23 16:42:49'),
('81','sint','2016-11-03 04:15:45'),
('82','ipsa','1995-06-27 22:46:19'),
('83','officiis','2014-03-08 07:25:16'),
('84','ipsam','2014-01-24 00:28:17'),
('85','magni','2005-01-13 15:51:26'),
('86','explicabo','2014-06-01 04:34:35'),
('87','ducimus','1998-07-14 05:59:21'),
('88','neque','2019-12-22 13:16:18'),
('89','cum','1990-05-01 14:08:39'),
('90','accusantium','2009-04-13 20:05:37'),
('91','cumque','2006-08-19 06:56:01'),
('92','voluptatum','1983-01-20 07:37:42'),
('93','sit','2013-03-03 07:56:37'),
('94','quod','2002-09-21 08:09:06'),
('95','ratione','2013-01-13 01:52:27'),
('96','ea','2006-12-25 10:29:16'),
('97','nostrum','1977-10-22 22:18:18'),
('98','magnam','2009-05-05 00:20:40'),
('99','inventore','2005-12-23 20:16:41'),
('100','earum','2004-11-05 03:26:33'); 


DROP TABLE IF EXISTS `messages`;
CREATE TABLE `messages` (
  `id` int(10) unsigned NOT NULL AUTO_INCREMENT,
  `from_user_id` int(10) unsigned NOT NULL,
  `to_user_id` int(10) unsigned NOT NULL,
  `body` text COLLATE utf8_unicode_ci NOT NULL,
  `is_important` tinyint(1) DEFAULT NULL,
  `is_delivered` tinyint(1) DEFAULT NULL,
  `created_at` datetime DEFAULT current_timestamp(),
  PRIMARY KEY (`id`)
) ENGINE=InnoDB AUTO_INCREMENT=101 DEFAULT CHARSET=utf8 COLLATE=utf8_unicode_ci;

INSERT INTO `messages` VALUES ('1','1','1','Minima cumque ut aliquid facilis neque omnis. Qui reprehenderit voluptas facere eligendi et molestias ut. Hic incidunt velit architecto pariatur. Possimus impedit atque quo consequuntur ut consequuntur.','0','1','1985-09-11 13:33:57'),
('2','2','2','Ut omnis doloribus aut sunt pariatur. Vel odio a quo impedit suscipit. Est perferendis rerum qui. Consequatur rerum necessitatibus eaque et impedit.','0','1','1975-08-23 09:41:39'),
('3','3','3','Ut id nemo enim culpa. Veniam doloremque aspernatur eius qui impedit voluptatem distinctio voluptatem. Impedit sit tempore aliquid. Debitis est atque quos nobis non voluptas veniam dolores.','1','0','2017-04-12 04:48:07'),
('4','4','4','Qui est et ut debitis est doloremque laboriosam. Ea iure accusantium commodi. Sed autem rerum ducimus voluptatem.','0','0','2008-11-13 21:07:52'),
('5','5','5','Dolor occaecati ut a eum eos neque in quibusdam. Quia non ipsa culpa pariatur et.','0','0','1989-06-09 14:39:09'),
('6','6','6','Veritatis possimus accusamus ut eveniet voluptate. Rerum ea saepe possimus tempora repellat. Nulla asperiores eum at.','1','1','1999-12-21 13:01:38'),
('7','7','7','Omnis ipsam reprehenderit et non odit ut. Quia totam ducimus mollitia dolores qui recusandae. Quibusdam amet nulla et suscipit. Fuga aliquam dolor neque ratione dolorum labore.','0','1','1989-04-06 11:42:57'),
('8','8','8','Iusto nam maxime quia et nobis dolorum. Eaque et praesentium iste quas numquam perferendis dignissimos. A et laboriosam quia cumque sed nihil. Sunt et eum distinctio enim voluptatem minima consequuntur odio.','1','1','1974-09-04 05:54:14'),
('9','9','9','Magnam eum omnis veritatis velit minima. Similique voluptatum est magnam vero voluptas eius sapiente. Commodi eos sint autem laborum facere.','1','1','1994-02-09 17:22:38'),
('10','10','10','Maxime veniam sint odio aut cum ullam. Ut tempore ad qui cum laborum.','1','0','1978-01-11 15:55:05'),
('11','11','11','Nihil dolorem maxime repudiandae doloremque asperiores nesciunt. Aut consectetur incidunt beatae est ut ipsum asperiores debitis. Sed adipisci animi similique nesciunt repellendus consequatur blanditiis. In qui ea hic eum.','0','0','1987-01-10 16:36:18'),
('12','12','12','Doloremque sed earum voluptate exercitationem consequatur. Voluptatem autem aut est. Quo consequatur perferendis consequuntur dicta et.','1','1','1996-01-23 01:11:25'),
('13','13','13','Nobis rem ex nemo ea recusandae voluptatum eum. Sit esse laborum ea animi et. Exercitationem rem similique ipsum consequatur non possimus unde. Saepe qui perferendis qui necessitatibus quidem delectus rerum velit.','0','1','2015-02-27 02:00:51'),
('14','14','14','Provident reiciendis consequatur nostrum doloremque consequatur laudantium. Ipsa autem perferendis similique facilis voluptas praesentium architecto. Earum totam necessitatibus cupiditate iure. Consequatur vel tenetur qui eos ut. Sit placeat architecto velit velit.','0','1','2006-06-10 07:58:40'),
('15','15','15','Laudantium a sed ut aperiam. Iure repellat quam nostrum vel dicta blanditiis. Occaecati et laboriosam ab ad. Quos sit esse ad quia alias repellendus.','1','0','1996-11-04 03:58:36'),
('16','16','16','Ut delectus voluptatem est explicabo. Facere odio pariatur ut accusamus non aut autem at. Consequatur et ipsa quia. Suscipit adipisci et est consectetur.','1','1','2008-10-09 03:16:36'),
('17','17','17','Recusandae eum suscipit aliquam. Harum sapiente rerum omnis. Accusamus voluptatibus autem qui sit. Sapiente quidem excepturi repellat distinctio magni ea nostrum aspernatur.','1','0','1987-05-29 10:09:18'),
('18','18','18','Rerum et fugiat et. Accusantium optio rerum ut cupiditate enim consequatur.','0','1','1988-07-31 21:30:12'),
('19','19','19','Non unde sint similique cumque similique omnis. Omnis perferendis aut rerum natus earum. Ipsa quibusdam eligendi accusantium fugit sapiente.','0','1','1997-06-20 20:17:25'),
('20','20','20','Sint quas beatae nihil tempore repellat. Nostrum maiores iure dolor sapiente. Aliquam eius sed aut maiores facere aut doloremque. Nihil facilis doloribus culpa aperiam.','1','0','1994-04-21 02:22:50'),
('21','21','21','Eos expedita quia quibusdam eaque repellendus est. Aut voluptate praesentium molestias ullam enim earum deserunt. Reiciendis at laboriosam numquam dignissimos rerum voluptatum earum itaque.','1','1','2018-04-04 11:45:12'),
('22','22','22','Nihil consequatur omnis at suscipit culpa aperiam. Voluptate quas velit aut facilis sunt fuga. Sapiente veniam quis totam molestiae. Dolorum ex sunt mollitia laborum.','0','1','1986-09-02 02:56:05'),
('23','23','23','Et consequuntur cum et aut voluptatum amet nam quia. Quaerat velit nulla magni distinctio omnis voluptas. Voluptates laboriosam voluptatem est cum natus ipsa eos. Cum est at iure aut earum.','1','1','2013-10-21 16:02:39'),
('24','24','24','Est dolorum voluptates molestiae est nesciunt numquam quo in. Rerum ea provident sit consequatur et in earum sit. Nulla quis mollitia adipisci. Alias consequatur in rerum.','1','0','1996-05-11 13:51:42'),
('25','25','25','Laudantium tenetur aut dolorem fuga. Sed voluptatem repellendus non qui. In tenetur recusandae ut consequatur.','0','1','1976-10-13 09:10:19'),
('26','26','26','Enim a qui qui id enim eveniet aut. Temporibus enim et assumenda ullam. Consequatur minima excepturi et iure eum minima.','0','1','1994-01-09 20:55:37'),
('27','27','27','Veritatis accusamus qui fugit optio. Possimus voluptatum ullam est hic dolor est et.','0','0','1976-04-03 09:05:40'),
('28','28','28','Sunt perferendis eos rerum repudiandae recusandae sit. Autem impedit neque ea dolorem iste est iure. Earum in nobis vel maxime.','1','1','1998-07-24 07:36:38'),
('29','29','29','Porro libero eos a minus qui neque. Cumque officia excepturi asperiores tempore dolores ratione sunt. Laboriosam veniam sed id vitae saepe quibusdam cupiditate. Nemo voluptas libero fugiat magni doloremque.','0','1','2009-12-04 07:26:30'),
('30','30','30','Placeat vel minima voluptatem sunt veniam quis vitae. Unde excepturi amet expedita est non repudiandae pariatur. Aut nihil molestiae earum et doloremque.','1','0','1975-02-12 17:15:08'),
('31','31','31','Quis provident facere quos et. Sed quasi unde voluptas veritatis voluptas. Qui veniam laborum velit in odio enim voluptatem. Aut neque quae dolores laudantium.','0','1','1999-12-12 04:37:50'),
('32','32','32','Alias laudantium dicta ex ipsum possimus. Assumenda rerum ex sed quas reprehenderit fugit. Sint voluptas sed voluptates eum quam.','0','1','2016-03-27 09:26:04'),
('33','33','33','Eaque rerum nostrum ut velit. Ea ad amet quod ut. Culpa ratione sint consectetur consectetur.','0','1','2007-07-03 22:08:02'),
('34','34','34','Illo sapiente natus architecto quisquam delectus. Id suscipit minima voluptatum ipsum sit et.','0','1','1983-11-07 11:56:03'),
('35','35','35','Minus qui est quia repellat facere ipsam. Aspernatur nemo iure perspiciatis quia eos aperiam. Voluptatem ea labore nesciunt cupiditate omnis a.','1','0','1990-04-03 02:49:32'),
('36','36','36','Praesentium assumenda nobis aut quaerat ullam. Libero libero sed quas non qui ea optio. Neque facere sed rem inventore. Reprehenderit omnis ut harum.','0','0','1976-10-20 04:34:45'),
('37','37','37','Eaque dolorum voluptatem harum debitis. Porro eos voluptatem earum impedit fugiat magni corporis optio. Deserunt ipsa molestias sed aperiam consequatur. Sed molestiae et sint optio dolores aliquam. Et consequatur sequi repellendus sunt officia odio et.','0','1','1985-07-06 15:18:21'),
('38','38','38','Placeat ut quidem dolorem quasi. Veritatis nostrum illum ut totam hic. Nihil non harum et at rerum unde. Voluptatum reprehenderit qui ut iusto alias consequatur corrupti.','1','1','1990-11-03 03:44:46'),
('39','39','39','Dicta qui adipisci neque vero vitae qui. Quae velit id eos neque qui itaque. Consequatur ipsam qui odio fugit.','1','0','2006-10-10 04:01:10'),
('40','40','40','Nihil nisi magni libero numquam totam. Magni doloremque eum excepturi quia assumenda voluptas inventore.','1','0','1993-04-03 03:28:35'),
('41','41','41','Maxime repellat voluptatem laudantium quos dolorem. Omnis assumenda qui dicta et error delectus. Rem saepe aperiam quas dolorem. Fuga non aut eius dolore velit pariatur. Esse iste tempore ut rerum est fuga et.','1','0','1971-10-15 07:51:15'),
('42','42','42','Minima impedit rerum non id laborum quaerat. Dolore repellendus quo nihil similique. Consequatur eum et harum commodi minus perspiciatis dolor. Quia et delectus ducimus ipsam explicabo modi.','1','0','2006-07-29 03:16:28'),
('43','43','43','Hic autem cupiditate provident non dolores illum ut. Quaerat tempora aut ex accusantium eligendi.','0','1','1980-07-18 04:52:44'),
('44','44','44','Ea eaque aut sapiente voluptas nihil natus hic. Et dolor aut officiis aut velit. Dicta incidunt modi deserunt fugiat aut. Aut rerum fuga aut consequatur sequi.','0','0','2001-08-26 08:10:36'),
('45','45','45','Neque non quia mollitia laborum libero eligendi. Et sint consequuntur ut officiis rem quia ut consequuntur. Excepturi nesciunt sit qui. Vitae ea sit aperiam fuga deserunt non eum.','0','0','1971-03-22 16:21:40'),
('46','46','46','Rerum aliquid id necessitatibus sint at fuga sapiente. Esse eligendi tempore sed possimus illo repudiandae id. Consequatur neque est alias sint accusamus consequatur sit.','1','1','2005-02-23 06:18:50'),
('47','47','47','Cumque unde quia molestiae eos consequatur. Illum corporis qui et. Atque cumque eaque et consequatur id vitae. Eos ullam soluta laudantium.','1','0','1987-04-20 16:57:43'),
('48','48','48','Nemo ipsa porro dolorum nulla recusandae modi est. Dolorem quo modi quisquam harum qui necessitatibus. Et cumque dolor expedita qui. Non labore provident est voluptatem fugiat voluptatum.','0','0','1978-03-20 17:51:15'),
('49','49','49','Ex aut ut cum ut. Illo perferendis aut ipsam incidunt. Est omnis ex nihil. Laudantium dolore vel ex voluptas. Qui suscipit et et recusandae quas.','0','0','2006-05-18 07:46:08'),
('50','50','50','Magnam et eum magni eaque quo tenetur. Sit ducimus voluptatem quibusdam cupiditate inventore ut. Sed temporibus fugiat vero consequatur iure cumque nam temporibus.','1','0','1988-02-23 10:16:59'),
('51','51','51','Consectetur cupiditate voluptatem aliquam odio. Similique non facilis ad officiis. Quam ea qui adipisci sit veniam tempora natus tenetur.','0','1','2015-06-02 22:09:01'),
('52','52','52','Quia deleniti rerum et assumenda. Aliquam omnis et provident est optio vel impedit incidunt. Ducimus sunt qui quia eos id qui.','0','1','2017-01-18 16:44:02'),
('53','53','53','Atque inventore est aperiam molestiae dolor ipsum. Itaque ipsa minus omnis omnis nemo. Sint accusamus cum ipsum iste tenetur rerum. Optio quo qui atque eos impedit asperiores laboriosam.','0','1','2010-11-20 07:42:45'),
('54','54','54','Eum placeat soluta qui saepe amet consequuntur. Libero porro labore ducimus commodi non fuga explicabo. Reprehenderit similique et quia consequuntur id.','0','1','2008-03-29 21:23:32'),
('55','55','55','Qui expedita fugiat ipsa. Voluptas aut fugit nulla voluptatum repellendus. Accusantium quaerat laboriosam fugiat facere rerum voluptatem quidem. Necessitatibus laborum quaerat sint ullam saepe et.','1','1','1998-06-05 21:42:25'),
('56','56','56','Qui sed modi consequatur placeat non aut est ad. Sed ut magni saepe eveniet illum dolores repellat doloribus. Iure dolorum deleniti itaque eaque dolorum minima natus. Cupiditate neque qui optio officiis adipisci alias ullam natus.','1','1','1973-03-25 16:28:43'),
('57','57','57','Voluptate qui facilis excepturi est doloremque qui corporis. Repudiandae nostrum explicabo corrupti porro iure numquam dolores qui. Doloremque et nostrum ullam vel at animi ullam. Dolor expedita dolorum quo ad.','1','0','2001-08-10 18:43:23'),
('58','58','58','Molestiae impedit tempore rerum voluptas aliquid molestiae assumenda. Ut molestiae dignissimos aliquam ipsa fuga.','0','0','2000-04-10 01:42:27'),
('59','59','59','Qui et hic reiciendis qui ipsam. Cupiditate quidem hic suscipit. Distinctio deserunt aut non.','0','0','2016-09-17 22:05:22'),
('60','60','60','Qui maxime amet aut voluptates. Unde praesentium voluptas consectetur quidem sint est. Quis fuga dolorem odio sint aut architecto nostrum explicabo. Unde dolor necessitatibus velit doloremque enim.','0','1','2001-03-28 07:54:49'),
('61','61','61','Doloremque et quia reiciendis sed. Temporibus sed est adipisci aliquam. Facilis delectus temporibus consectetur corporis quia autem reiciendis velit.','1','0','1980-07-19 14:53:12'),
('62','62','62','Eum harum non commodi necessitatibus odit. Voluptatem aliquam illum deleniti dolor. Rerum autem sed quae. Veritatis sed omnis enim est maiores qui repellendus.','1','1','2008-01-29 01:02:12'),
('63','63','63','Ut natus qui sequi pariatur. Et suscipit optio perferendis ut saepe omnis quasi. Voluptatum mollitia iste qui quibusdam ipsum. Dolor ducimus cumque eaque aliquid autem.','0','0','2013-07-15 03:44:43'),
('64','64','64','In omnis sint fuga laboriosam mollitia. Reprehenderit consequatur amet veritatis est sit non quia alias. Voluptatem suscipit consequatur consequatur autem beatae voluptas omnis. Repellat ut id ut saepe ut quis. Eum error blanditiis officiis.','1','0','1977-12-06 17:34:04'),
('65','65','65','Veniam quidem ullam consectetur qui veritatis autem dolores sit. Adipisci dolorem et harum vel officia error. Nostrum voluptatum nesciunt exercitationem facere omnis. Sit nihil cum eligendi eum corporis similique fugit.','1','0','2019-12-24 08:49:36'),
('66','66','66','Dignissimos odit qui sunt aperiam. Qui non occaecati sint rerum voluptatem enim. A nisi id fuga magnam.','1','0','2006-02-06 08:54:13'),
('67','67','67','Possimus minus velit architecto id quia error sed. Est aspernatur aliquam quidem laboriosam maiores molestias et. Rerum consequuntur impedit necessitatibus ipsa ut.','0','1','1977-09-20 17:40:19'),
('68','68','68','Sed ipsa doloremque rem reiciendis. Ut ratione omnis ut nihil commodi omnis. Molestiae accusamus distinctio excepturi libero consequuntur eos.','0','1','1980-12-18 21:15:37'),
('69','69','69','Qui modi excepturi tempore laboriosam iure exercitationem. Odit rerum dolore libero id illo sit in. Rerum quia possimus sed animi suscipit.','0','1','1999-02-03 13:16:32'),
('70','70','70','Officiis aut illo possimus ullam. Rerum nemo quisquam architecto molestiae provident. Nihil consequatur quo provident ea accusantium qui. Possimus numquam harum rerum quisquam optio aliquam. Officiis a temporibus sapiente occaecati sed rerum.','0','0','2017-08-07 07:13:32'),
('71','71','71','Placeat pariatur similique omnis nihil. Perspiciatis molestiae est eveniet facere odio non ipsa. Nihil sint aspernatur officiis rerum molestiae iusto. Libero eos occaecati temporibus qui rerum molestias.','0','0','1978-01-17 09:17:35'),
('72','72','72','Doloremque minima maxime minima. Distinctio ea deserunt nam commodi temporibus quas earum. Omnis libero laboriosam eos velit numquam maiores.','1','0','2005-06-05 19:19:06'),
('73','73','73','Molestias repellendus non labore et provident est illum quis. Non dolorem reprehenderit ut veritatis ipsam. Sed consequuntur qui eius praesentium.','1','1','2006-03-03 18:36:05'),
('74','74','74','Nam praesentium architecto ducimus molestias quod ex ut. Quisquam voluptas sed esse quisquam sit autem. Et non architecto fugit quos. Et doloribus repellat enim quisquam sit nihil.','1','0','1990-08-05 08:35:54'),
('75','75','75','Quo magni dolores officiis accusantium quae. Explicabo minima facere omnis fugit impedit eum aperiam doloribus. Aliquam consequatur praesentium non.','1','0','2002-10-20 11:13:55'),
('76','76','76','Nisi quia quo laborum sequi dolor consequatur. Commodi deleniti voluptas ut recusandae et. Praesentium expedita voluptatem quia consequuntur quisquam enim. Facere pariatur occaecati deleniti numquam repellat.','0','0','1970-04-03 01:15:55'),
('77','77','77','Aut sit sapiente ut. Eum quis impedit aut quis. Et minima magnam quisquam modi ducimus. Explicabo porro incidunt est fugit.','0','1','1999-05-07 20:59:53'),
('78','78','78','At iure quia voluptatem aspernatur modi delectus nesciunt. Et sit sint iure sit veniam consequatur. Voluptate recusandae sed quisquam ut ducimus incidunt magnam sequi. Ab commodi minima illo perferendis. Et dolor est voluptas corrupti non aspernatur quam.','0','0','1971-10-28 23:49:30'),
('79','79','79','Hic eum voluptas illum sint ex eos ut et. Aliquid mollitia impedit impedit deserunt minima eligendi magni. Sed ea maiores et et.','0','0','1993-06-27 08:29:38'),
('80','80','80','Est et ab eos quam cumque occaecati. Et laborum ut cum omnis deserunt harum. Et quae accusantium iste est. Quia quis perferendis quibusdam odit explicabo eos nihil.','1','0','2014-02-24 16:38:49'),
('81','81','81','Sint qui qui eum et. Blanditiis reprehenderit porro distinctio adipisci sapiente fuga minima. Tempora nam hic delectus voluptatem deserunt. Sed soluta similique rerum id.','1','1','1986-10-11 20:12:19'),
('82','82','82','Velit quia est reprehenderit sequi consequatur praesentium hic quis. Dolorem ut magni quasi eveniet. Et sit nobis qui dolor quisquam officia voluptas. Porro porro similique culpa animi nihil vel architecto.','0','0','1991-11-16 06:09:19'),
('83','83','83','Sint eos non et quam dolores vel. Blanditiis quia qui voluptatem nisi recusandae quis eum. Rerum enim dicta illum doloremque quos assumenda in.','0','1','1987-04-06 07:48:22'),
('84','84','84','Molestiae debitis in rerum quis corporis ut dolores et. Optio consequatur sed incidunt assumenda sint similique maxime. Quibusdam aut nihil quasi commodi.','0','1','1974-08-10 05:13:05'),
('85','85','85','Qui nihil qui ipsum est sunt. Est doloribus id vel fuga. Est voluptas qui dolore eveniet voluptate.','0','1','1988-11-12 14:42:10'),
('86','86','86','Reiciendis aliquid omnis quaerat est ab inventore quos. Autem qui incidunt repellat sint odio doloribus rerum. Dolorem qui debitis aut eaque perspiciatis.','0','0','2014-07-24 21:57:27'),
('87','87','87','Dolor officiis et ut consequatur assumenda. Ea modi iure est possimus. Odio sint deserunt est quo doloribus sed eaque. Sed harum vel est architecto.','1','0','1999-05-11 10:05:43'),
('88','88','88','Dicta maiores dolores molestiae enim aut magni deleniti porro. Iusto architecto possimus est vel molestias fugit accusamus nam.','1','0','1998-06-11 04:13:14'),
('89','89','89','Ea omnis quod corporis sunt veritatis molestias aperiam aut. Et voluptatum ratione aut quam optio et nulla. Alias odio qui aperiam fugit.','0','0','1997-06-30 03:16:46'),
('90','90','90','Corrupti optio facilis architecto non. Est sunt et dicta nobis omnis inventore. Maxime est maxime dolorem impedit quis. Alias aut magnam molestiae nemo.','0','0','1994-08-17 14:45:30'),
('91','91','91','Possimus placeat error et sed debitis eum enim. Consequatur ducimus quae assumenda modi quo omnis quia. Consequatur sit perspiciatis perferendis aliquam placeat vel non. Molestiae dolorem ex et esse tempore.','1','1','1981-04-30 08:17:14'),
('92','92','92','Soluta ut suscipit occaecati est sit et molestiae. Architecto in explicabo et minus quia esse. Omnis aut veritatis laboriosam et ad non.','1','0','2003-10-28 03:01:22'),
('93','93','93','Sit et dolor nostrum tempore qui incidunt impedit. Sit ea iure possimus et architecto et. Atque voluptas aut debitis perferendis id.','0','1','2018-06-10 10:03:55'),
('94','94','94','Suscipit accusamus ipsam qui iure et. Veritatis qui repellat debitis. Quia non voluptas numquam ipsum. Vel est reiciendis aspernatur rem nesciunt.','1','1','2000-09-07 02:22:14'),
('95','95','95','Sunt cupiditate excepturi et porro facere perferendis. Odio incidunt quis quia pariatur at est at.','0','0','1984-11-22 06:59:10'),
('96','96','96','Odit tempora laboriosam iste et ullam. Aut quis quia nihil quod assumenda. Vel sed quae eius et. Veritatis ut ullam dicta ea cupiditate et ex.','1','1','2003-08-02 08:09:12'),
('97','97','97','Ut similique est aut illo impedit. Mollitia est ab itaque rerum inventore exercitationem. Cupiditate laborum pariatur adipisci qui qui enim facere.','0','1','1975-09-22 09:26:16'),
('98','98','98','Sit perspiciatis porro dolores ex. Omnis nemo commodi temporibus sit. Velit aut qui repudiandae quis repellendus quod neque.','0','0','1970-06-29 01:19:02'),
('99','99','99','Et ipsa suscipit cumque porro. Natus consequatur et dolor sit minus. Aut maiores cupiditate et.','0','1','1970-09-17 20:53:50'),
('100','100','100','Atque illo modi veritatis necessitatibus deserunt sunt. Impedit quo est expedita vel eum. Quam et non tempora iure.','0','1','1991-10-30 12:20:55'); 


DROP TABLE IF EXISTS `profiles`;
CREATE TABLE `profiles` (
  `user_id` int(10) unsigned NOT NULL,
  `gender` char(1) COLLATE utf8_unicode_ci NOT NULL,
  `birthday` date DEFAULT NULL,
  `city_id` int(10) unsigned NOT NULL,
  `country_id` int(10) unsigned NOT NULL,
  `photo_id` int(10) unsigned NOT NULL,
  `created_at` datetime DEFAULT current_timestamp(),
  `updated_at` datetime DEFAULT current_timestamp() ON UPDATE current_timestamp()
) ENGINE=InnoDB DEFAULT CHARSET=utf8 COLLATE=utf8_unicode_ci;

INSERT INTO `profiles` VALUES ('1','D','2016-02-06','1','1','1','2001-02-09 00:29:31','2015-10-23 06:14:36'),
('2','D','1971-01-18','2','2','2','1978-11-12 20:03:36','1977-03-05 02:41:48'),
('3','D','2013-10-19','3','3','3','2011-04-02 01:12:04','1993-03-22 05:53:00'),
('4','M','1988-02-17','4','4','4','1986-01-09 11:36:42','1997-12-12 01:57:22'),
('5','M','1972-04-16','5','5','5','1973-10-27 18:40:25','2011-02-03 00:41:16'),
('6','D','1984-04-01','6','6','6','2017-10-31 08:58:22','1983-06-25 20:17:59'),
('7','M','2005-04-01','7','7','7','1972-02-25 18:32:57','1978-11-02 22:57:36'),
('8','D','2000-05-11','8','8','8','2014-05-06 23:53:52','1999-02-12 17:18:26'),
('9','D','2002-09-14','9','9','9','2009-03-09 19:24:10','2011-11-26 21:06:14'),
('10','M','1972-01-09','10','10','10','2014-07-02 19:28:16','1993-06-20 12:36:27'),
('11','M','1974-10-16','11','11','11','1974-01-10 14:25:42','1997-11-09 19:21:25'),
('12','D','1973-02-16','12','12','12','1998-03-04 21:20:45','1972-06-17 08:33:14'),
('13','P','1996-09-01','13','13','13','1989-04-24 01:47:47','2012-02-14 04:55:44'),
('14','D','2005-06-05','14','14','14','2009-04-26 19:34:46','1983-05-31 20:17:03'),
('15','P','1985-07-10','15','15','15','2011-11-20 21:06:52','1978-04-03 13:48:44'),
('16','P','1999-03-22','16','16','16','2013-12-26 18:45:33','1975-09-15 10:20:46'),
('17','M','1980-01-18','17','17','17','1983-10-11 08:29:01','2001-02-21 05:36:21'),
('18','P','1979-09-21','18','18','18','1970-07-11 03:06:38','1992-07-11 10:02:30'),
('19','P','1997-05-27','19','19','19','1996-12-04 00:27:31','1985-03-13 16:08:39'),
('20','D','1987-11-18','20','20','20','1997-10-13 07:23:50','2018-07-04 22:17:17'),
('21','D','1990-08-29','21','21','21','2017-03-04 19:44:15','2013-11-24 23:35:47'),
('22','P','1998-09-30','22','22','22','2016-10-17 08:59:49','1984-10-18 08:39:35'),
('23','D','2011-08-21','23','23','23','2011-11-29 22:02:35','1984-01-03 20:39:26'),
('24','M','1972-02-06','24','24','24','1996-04-11 13:44:06','1992-12-14 18:54:59'),
('25','M','1989-04-05','25','25','25','1981-06-08 14:51:00','2014-10-03 10:21:13'),
('26','P','1980-12-20','26','26','26','2009-10-04 07:45:55','1996-10-17 23:15:49'),
('27','D','2002-06-20','27','27','27','1977-06-16 04:54:47','1970-01-24 19:58:54'),
('28','D','1991-07-28','28','28','28','1990-01-22 21:09:56','2008-07-14 18:42:30'),
('29','P','2004-02-03','29','29','29','1992-02-10 14:48:44','2017-10-23 15:58:02'),
('30','P','2019-06-20','30','30','30','1970-07-06 15:41:35','1989-07-06 22:37:45'),
('31','M','1984-12-18','31','31','31','1987-07-07 02:31:15','1986-04-26 11:09:39'),
('32','P','1995-11-16','32','32','32','1971-11-23 20:05:07','2015-05-05 06:52:38'),
('33','M','2017-06-03','33','33','33','2011-11-09 15:30:28','1984-10-26 14:50:13'),
('34','M','1970-09-12','34','34','34','2015-08-16 00:33:27','1970-07-02 17:00:02'),
('35','M','2016-05-17','35','35','35','2003-03-02 10:55:10','1987-03-04 11:01:28'),
('36','D','2017-10-19','36','36','36','1975-06-06 23:12:01','1981-11-27 03:14:33'),
('37','D','1996-09-22','37','37','37','2019-02-05 22:48:30','2016-05-19 15:53:16'),
('38','P','2007-12-08','38','38','38','1988-07-31 02:33:23','2003-10-04 13:11:22'),
('39','M','2019-06-05','39','39','39','2011-10-10 04:23:38','2016-06-25 22:54:35'),
('40','P','1986-04-19','40','40','40','2015-03-14 13:02:56','2005-05-27 22:36:24'),
('41','M','1998-03-31','41','41','41','2002-12-26 16:29:03','2008-11-14 13:31:07'),
('42','D','2007-11-19','42','42','42','1988-10-13 16:02:06','1971-05-22 03:40:32'),
('43','D','1974-12-12','43','43','43','2006-06-09 02:58:38','1972-10-15 22:38:53'),
('44','D','1976-12-20','44','44','44','2005-01-15 11:23:38','1991-06-11 20:20:37'),
('45','P','1997-09-04','45','45','45','1979-01-09 09:35:39','1995-04-26 14:22:32'),
('46','D','1974-01-27','46','46','46','1980-01-26 21:02:11','2012-03-14 22:38:33'),
('47','M','1980-09-12','47','47','47','1971-03-05 08:45:53','1995-09-23 10:57:36'),
('48','M','2020-02-17','48','48','48','2000-04-24 22:38:44','1970-12-30 05:37:00'),
('49','D','1978-11-15','49','49','49','1981-09-26 00:52:13','1973-11-16 20:14:42'),
('50','M','1975-10-30','50','50','50','1987-01-18 21:00:48','2017-06-30 08:13:50'),
('51','D','2004-09-20','51','51','51','1982-01-14 05:47:23','2012-09-19 08:19:31'),
('52','P','1970-06-28','52','52','52','1970-11-26 13:10:46','2000-06-23 15:42:43'),
('53','P','1974-07-13','53','53','53','1970-08-31 18:13:20','1993-09-14 15:47:00'),
('54','M','2004-03-11','54','54','54','1987-04-01 21:26:10','1995-01-27 02:49:29'),
('55','M','2014-07-27','55','55','55','2001-04-04 12:54:00','2007-10-25 15:48:32'),
('56','P','1977-09-02','56','56','56','1974-05-22 17:45:50','1999-03-20 09:39:47'),
('57','M','1985-06-26','57','57','57','1979-05-29 18:22:13','2004-10-25 17:45:42'),
('58','M','2008-07-23','58','58','58','1980-01-14 00:06:17','1999-10-31 20:54:39'),
('59','M','1980-04-19','59','59','59','1974-05-23 09:34:04','1990-11-21 08:35:49'),
('60','M','1973-01-16','60','60','60','2015-11-22 01:05:53','1982-08-08 00:18:27'),
('61','P','1972-03-20','61','61','61','1974-09-09 12:30:24','2011-08-19 06:34:25'),
('62','D','2011-11-01','62','62','62','1981-04-28 05:43:33','1978-06-19 10:42:45'),
('63','M','1986-12-23','63','63','63','1994-09-11 05:32:33','1980-04-24 08:18:34'),
('64','M','1977-01-25','64','64','64','2009-10-28 22:59:26','1985-12-08 08:32:34'),
('65','M','1996-09-20','65','65','65','1995-07-15 01:31:01','1971-08-10 12:26:43'),
('66','M','2004-10-13','66','66','66','1986-12-08 17:21:15','2005-06-19 22:49:43'),
('67','M','1997-04-22','67','67','67','1998-06-21 17:06:02','1973-12-31 05:50:27'),
('68','D','1996-10-25','68','68','68','1999-10-07 09:28:20','1991-05-02 12:02:25'),
('69','D','2005-06-07','69','69','69','1994-12-28 17:11:22','2019-01-05 13:01:59'),
('70','M','1989-01-07','70','70','70','1982-11-08 09:13:55','1982-06-04 05:46:40'),
('71','P','2013-09-11','71','71','71','2001-06-02 10:31:55','2007-10-13 20:06:33'),
('72','P','1986-02-07','72','72','72','1986-09-04 06:12:52','1996-02-01 22:14:19'),
('73','D','1999-04-07','73','73','73','1986-07-13 05:53:23','2014-12-03 03:23:53'),
('74','M','1985-12-30','74','74','74','2018-04-24 09:26:37','1971-09-08 15:25:09'),
('75','P','2015-08-18','75','75','75','1990-04-15 01:04:46','2015-05-28 19:02:11'),
('76','D','1984-09-30','76','76','76','2007-08-21 22:38:17','1995-03-01 04:27:27'),
('77','M','1984-11-14','77','77','77','1974-05-06 14:48:15','2004-02-09 13:15:08'),
('78','M','2001-06-09','78','78','78','1989-01-26 10:25:02','1971-03-26 18:09:09'),
('79','M','1976-04-20','79','79','79','2015-07-22 00:46:39','1989-07-29 03:55:40'),
('80','D','1982-09-22','80','80','80','1980-02-23 05:34:34','2012-08-11 18:42:19'),
('81','P','2019-10-28','81','81','81','1986-11-16 17:01:01','1972-10-10 17:56:56'),
('82','M','1972-02-23','82','82','82','1973-09-15 12:59:20','1975-03-16 15:10:49'),
('83','D','2012-12-11','83','83','83','1987-10-31 16:04:52','2018-01-07 07:32:12'),
('84','M','2000-07-31','84','84','84','2018-07-20 10:52:00','1980-06-19 11:08:04'),
('85','M','1999-07-16','85','85','85','1982-05-10 12:26:58','1978-11-01 20:33:31'),
('86','M','1991-05-25','86','86','86','2017-02-09 11:41:12','1980-06-17 10:39:02'),
('87','M','1982-03-09','87','87','87','1990-05-06 11:34:14','1989-11-03 17:53:07'),
('88','D','1993-10-04','88','88','88','1982-12-22 11:42:26','1992-07-25 08:23:18'),
('89','M','2011-09-28','89','89','89','1985-04-08 22:08:00','1978-06-03 14:38:24'),
('90','M','2016-04-15','90','90','90','1999-03-31 16:36:03','2003-09-25 14:42:00'),
('91','P','2016-10-15','91','91','91','1993-05-23 15:33:57','1975-12-01 01:30:59'),
('92','M','1970-08-25','92','92','92','2008-10-12 10:57:38','1986-05-19 19:12:50'),
('93','D','1971-07-31','93','93','93','2004-11-22 16:42:06','2014-11-04 12:07:11'),
('94','D','2004-11-17','94','94','94','1990-12-01 15:29:56','1979-06-10 10:01:22'),
('95','M','2003-06-30','95','95','95','2006-07-05 17:22:27','1983-09-14 12:03:36'),
('96','P','2002-05-07','96','96','96','1971-10-12 03:34:03','1997-10-08 03:01:03'),
('97','M','1970-05-28','97','97','97','2001-10-08 18:25:37','2010-12-16 00:46:43'),
('98','D','2002-08-11','98','98','98','1971-06-19 18:30:42','2019-07-13 09:22:58'),
('99','D','2018-06-10','99','99','99','1971-04-16 23:02:19','2002-02-28 07:47:37'),
('100','D','1970-06-08','100','100','100','2000-12-29 18:11:12','1983-03-18 00:15:04'); 


DROP TABLE IF EXISTS `users`;
CREATE TABLE `users` (
  `id` int(10) unsigned NOT NULL AUTO_INCREMENT,
  `first_name` varchar(100) COLLATE utf8_unicode_ci NOT NULL,
  `last_name` varchar(100) COLLATE utf8_unicode_ci NOT NULL,
  `email` varchar(120) COLLATE utf8_unicode_ci NOT NULL,
  `phone` varchar(120) COLLATE utf8_unicode_ci NOT NULL,
  `created_at` datetime DEFAULT current_timestamp(),
  `updated_at` datetime DEFAULT current_timestamp() ON UPDATE current_timestamp(),
  PRIMARY KEY (`id`),
  UNIQUE KEY `email` (`email`),
  UNIQUE KEY `phone` (`phone`)
) ENGINE=InnoDB AUTO_INCREMENT=101 DEFAULT CHARSET=utf8 COLLATE=utf8_unicode_ci;

INSERT INTO `users` VALUES ('1','Evangeline','Hirthe','rahul70@example.com','09883841790','1999-10-18 09:28:52','1986-07-03 23:51:28'),
('2','Brooks','Goodwin','nrogahn@example.org','(616)258-9996x435','2014-11-02 05:32:00','1996-02-07 15:34:39'),
('3','Zoie','Keebler','barrows.jamison@example.net','08237532583','2006-09-25 11:02:49','2016-08-30 14:06:51'),
('4','Gino','Kihn','raphaelle.stoltenberg@example.org','05649064441','2013-04-19 20:46:50','2017-11-15 09:25:41'),
('5','Ara','Rau','frempel@example.com','(201)792-1557','2018-04-05 14:48:36','1984-01-10 05:36:44'),
('6','Edna','Wiegand','ulemke@example.com','+29(7)1218013565','2003-11-08 04:50:15','2008-10-10 23:32:52'),
('7','Genevieve','Larson','oda45@example.org','1-271-129-4912','1983-03-24 04:12:04','1975-02-20 06:59:09'),
('8','Augusta','Ledner','rherzog@example.com','(435)542-2289x09654','2008-07-10 02:01:35','1976-01-17 01:36:38'),
('9','Haskell','Considine','zboncak.watson@example.com','(217)705-1629x32716','1991-06-26 23:39:36','2006-04-02 13:33:25'),
('10','Ernestina','Carroll','gtrantow@example.org','08226982290','1987-09-05 13:40:56','2010-07-04 00:28:20'),
('11','Harry','Kulas','agnes.mills@example.net','02190682510','2001-03-19 00:05:40','1976-11-04 10:36:05'),
('12','Lindsay','Maggio','macy.padberg@example.com','(589)895-0429x746','1977-01-25 06:58:44','1988-11-02 08:54:39'),
('13','Brandon','Auer','jnitzsche@example.com','(195)136-2473x3932','2016-09-25 09:36:06','2011-04-23 19:33:31'),
('14','Juana','Collins','jaylen75@example.com','981-886-2199','2015-03-03 05:02:57','1991-06-18 16:07:55'),
('15','Garett','Stracke','kuhn.malcolm@example.net','1-079-923-5429','1985-09-12 10:51:20','1975-01-18 10:26:37'),
('16','Stanton','Cormier','xwisozk@example.org','550-228-1053x802','2008-06-03 20:19:32','2010-05-05 17:19:36'),
('17','Harmon','McLaughlin','schoen.lacy@example.net','762-482-5061x48782','1991-05-09 10:06:18','1985-06-29 19:55:15'),
('18','General','Eichmann','gleichner.adell@example.net','452-351-8608','1984-12-16 03:53:37','2018-04-13 16:12:58'),
('19','Carlos','Kuhn','jherman@example.org','07222046792','2017-06-20 16:15:16','2006-04-27 06:05:03'),
('20','Clint','Schmidt','ubosco@example.org','614.162.8458x590','1972-02-26 23:36:58','2015-10-10 00:09:16'),
('21','Lamar','Swaniawski','nwest@example.net','280-935-1652x6710','1990-02-21 16:56:00','1984-05-22 05:22:43'),
('22','Elizabeth','Breitenberg','jordi12@example.com','1-636-327-1738x68342','1989-05-09 07:05:00','1998-05-09 15:32:32'),
('23','Estella','Schmeler','pouros.lexi@example.com','746-641-0629x91240','1970-11-04 23:49:55','1979-03-09 02:56:56'),
('24','Samantha','Collier','ggoldner@example.org','065-679-6019x9286','1977-10-01 06:09:58','2006-07-16 12:22:16'),
('25','Emmalee','Labadie','dexter.jenkins@example.org','1-856-339-6245','2012-09-12 18:34:54','2004-05-05 10:52:36'),
('26','Otilia','Kuhic','albina.walsh@example.net','734.501.2356','1998-10-09 02:45:40','2019-12-20 23:21:56'),
('27','Alexzander','Beatty','bernadine.schuppe@example.org','359.188.7798x89077','1996-08-20 10:49:14','1988-10-09 08:10:26'),
('28','Dolores','Cremin','kelton.kassulke@example.com','276-944-7285x0218','1977-12-08 16:42:20','2002-10-28 02:06:10'),
('29','Emmalee','Bergstrom','river.macejkovic@example.com','243-149-3956x8555','1994-08-28 22:06:03','1995-06-09 04:48:05'),
('30','Brock','Wisozk','faustino.marquardt@example.com','1-726-201-0068','1993-11-27 13:30:26','1985-06-23 13:46:55'),
('31','Ellen','Farrell','rowena71@example.net','037.200.8605','1974-08-08 07:19:12','2019-02-05 02:24:26'),
('32','Joy','Gleichner','tbeatty@example.com','1-248-179-9292x25689','2005-01-14 01:20:14','1972-12-05 12:11:00'),
('33','Madison','Ward','emmanuel.spencer@example.com','1-913-540-9170x3008','1982-10-18 02:50:00','1999-12-28 11:41:53'),
('34','Amara','Gislason','nernser@example.org','(317)140-5678x0949','1979-12-22 18:35:07','1984-04-30 12:29:50'),
('35','Wilson','Spinka','lia.gottlieb@example.org','607.339.3056','1994-04-28 09:02:35','1987-10-08 13:51:45'),
('36','Paolo','Cormier','eric.price@example.net','(581)201-5017x0596','1996-01-09 00:39:54','1984-05-13 19:02:35'),
('37','Gordon','Barton','ernest97@example.com','826.253.2588x74027','2015-11-17 04:40:26','2006-09-11 02:06:57'),
('38','Jennyfer','Lind','hermiston.hipolito@example.com','847.299.8600','1994-09-22 23:59:42','1996-01-14 11:24:58'),
('39','Esperanza','Langosh','chaag@example.net','(853)001-8456x908','1979-06-17 15:08:37','1972-04-26 01:07:33'),
('40','Sydni','Hackett','elise99@example.org','262-852-8684x2107','1985-10-15 12:24:52','1984-07-01 03:21:15'),
('41','Rosamond','Cartwright','estrella.feil@example.com','939.301.1466x45396','1995-11-23 12:41:00','1983-08-03 18:09:15'),
('42','Dane','Hand','stewart.klein@example.com','766-783-4988','2015-07-27 14:18:23','1996-12-10 00:22:07'),
('43','Thalia','Thompson','emiliano.mcglynn@example.org','189.513.2373x38149','1991-07-30 09:35:58','2010-06-10 16:28:30'),
('44','Arthur','Zboncak','tess.lindgren@example.com','1-854-895-6566x8879','1986-04-11 17:13:10','1996-09-04 05:10:08'),
('45','Zola','Jerde','eudora.denesik@example.net','(551)848-1683x9019','1973-02-02 09:29:03','1993-09-20 09:31:28'),
('46','Erika','Sipes','raul.rice@example.com','04504350279','1992-06-20 17:41:42','1972-08-16 12:16:55'),
('47','Uriah','Hayes','ashly18@example.org','625.289.0682','2005-07-07 23:24:09','2010-05-27 15:59:35'),
('48','Werner','Flatley','delpha66@example.org','1-732-290-1030','1987-07-09 13:59:10','2020-02-21 02:29:08'),
('49','Erin','Bayer','fstoltenberg@example.org','1-255-272-1629x082','1972-01-16 07:52:55','2014-11-05 09:26:24'),
('50','Ismael','Wuckert','ava.reilly@example.com','967-571-0077x790','1972-08-07 13:07:31','1991-04-21 05:17:44'),
('51','Golda','Waelchi','dimitri71@example.com','04959626646','2012-03-01 14:11:32','1992-10-04 08:04:19'),
('52','Dora','Kreiger','hudson29@example.net','921-025-3867x70455','1983-02-24 06:57:52','2007-02-25 16:54:37'),
('53','Alisa','DuBuque','rbednar@example.net','+43(2)9406212119','1991-06-28 10:45:47','1989-09-11 05:28:19'),
('54','Jodie','Marvin','gmckenzie@example.org','008.021.3941x342','2000-06-23 00:34:32','2001-05-25 01:12:18'),
('55','Alfonzo','Ritchie','prosacco.leopold@example.net','785-662-4872x00746','2003-05-24 03:42:58','1995-05-19 17:53:57'),
('56','Miller','Blick','brekke.ashley@example.com','201-619-8558','2002-10-10 14:19:30','1979-01-19 01:19:49'),
('57','Nick','Dietrich','mustafa.stanton@example.net','+19(6)2497165163','1996-09-07 06:31:59','1996-02-06 16:31:16'),
('58','Duane','Gerlach','wmohr@example.net','00673379055','1977-01-13 20:38:04','2000-02-06 19:58:25'),
('59','Milan','Koss','bulah.rosenbaum@example.net','678-276-3124x7819','1983-03-16 01:16:04','2013-08-23 04:00:32'),
('60','Erika','Murazik','beau33@example.net','151.705.0773x37123','1992-06-03 16:48:01','1987-05-27 23:11:51'),
('61','Lacey','Greenfelder','jschmidt@example.org','(200)610-9256x5151','1977-06-13 12:27:16','1976-11-10 14:35:59'),
('62','Isabell','Gleason','lon03@example.org','(586)933-2656x3531','2018-11-29 13:00:54','1982-01-01 07:00:24'),
('63','Morris','Gleason','sstehr@example.com','1-127-668-1585x65692','1998-11-25 09:38:13','2011-10-30 18:52:43'),
('64','Florian','Conroy','bauch.delores@example.com','1-966-113-6231x63234','2017-10-24 21:16:25','1990-12-02 02:56:29'),
('65','Cindy','Abernathy','leffler.gracie@example.org','425.801.0092x301','2004-10-31 09:02:20','1993-07-02 01:57:08'),
('66','Audie','Steuber','danial.windler@example.org','(182)876-2178x384','1990-05-15 17:38:10','1987-09-25 01:08:06'),
('67','Zelda','Cummerata','valerie.goodwin@example.org','656-244-4348x009','1974-06-20 19:57:56','1975-10-17 08:44:03'),
('68','Adele','Willms','emory.pagac@example.com','436.291.6937x4394','2010-04-06 10:05:20','1983-05-23 04:55:50'),
('69','Anahi','Walsh','prudence52@example.org','1-727-885-0983x08535','1973-09-30 04:16:50','1999-01-09 23:23:48'),
('70','Cydney','Zboncak','bradtke.jace@example.org','(695)192-4132x713','2002-11-12 22:05:14','1989-06-13 15:07:08'),
('71','Deonte','Rodriguez','jgottlieb@example.com','(180)146-6953','2000-02-01 11:03:45','1990-02-12 17:06:50'),
('72','Lelah','Olson','deanna.johnson@example.org','242-428-9798x6402','1982-10-21 07:10:04','1997-07-06 12:05:30'),
('73','Haven','Glover','elaina27@example.org','718-973-8652x268','2016-09-06 23:33:32','1989-12-03 14:56:40'),
('74','Dereck','Emard','pfeffer.cameron@example.com','778-643-7776x9815','2003-04-12 09:31:33','1988-01-31 21:20:51'),
('75','Kayli','Upton','marquardt.ines@example.net','(179)520-0412x899','1994-11-16 16:46:01','1978-04-27 02:02:49'),
('76','Odie','Langosh','tobin.cole@example.org','(460)264-5302','2017-02-19 23:55:49','1981-05-11 18:16:29'),
('77','Gina','Williamson','kyla.labadie@example.net','(445)792-4898x914','1999-08-12 03:05:29','2005-05-08 05:18:54'),
('78','Paris','Christiansen','alford01@example.org','(907)738-5656x8043','2013-06-23 18:48:08','2014-01-21 20:44:52'),
('79','Alexandrea','Schultz','amcglynn@example.org','983-207-6930x691','1970-11-04 08:40:54','1993-07-30 10:41:20'),
('80','Alene','Streich','estevan.bernier@example.net','826.338.9084','2001-06-12 16:29:42','1971-03-05 16:46:35'),
('81','Tressie','Rodriguez','april60@example.com','744-282-5432','2011-04-03 15:23:08','1989-10-05 16:43:47'),
('82','Kenyatta','Herzog','kbergnaum@example.com','04919811115','2003-09-10 20:38:12','1972-04-20 19:29:18'),
('83','Kenya','Haag','cweber@example.com','+85(6)6601160495','1995-04-21 12:34:45','2009-12-29 11:50:32'),
('84','Bart','Medhurst','quigley.pauline@example.net','1-471-199-6380x92871','2009-01-26 13:02:21','1991-04-11 08:39:07'),
('85','Carlee','Walsh','gabriella.steuber@example.com','+28(5)6441625800','1970-02-15 12:12:22','1973-11-04 13:38:41'),
('86','Kendra','Gleichner','bryana46@example.com','744-316-4650x822','1978-05-31 05:59:38','1996-12-01 14:07:00'),
('87','Forrest','Gaylord','taufderhar@example.net','619.793.9986','2019-07-10 19:50:48','1976-08-24 08:13:04'),
('88','Erica','Smitham','gkoss@example.org','+85(3)0645687684','2013-01-16 22:36:36','1991-10-07 04:07:34'),
('89','Rhiannon','Homenick','oma70@example.org','070.700.3949','1984-02-14 07:26:49','2010-09-19 06:36:47'),
('90','Stefanie','Williamson','ethyl.willms@example.com','690-819-7636x146','1977-05-09 15:26:36','1978-01-20 10:39:46'),
('91','Junius','Effertz','bmayer@example.org','448-242-1028x0352','1991-03-24 20:41:58','1998-10-11 12:33:13'),
('92','Orpha','Herman','thompson.era@example.com','565-165-4005x53228','1990-01-06 01:40:13','2010-08-16 22:47:38'),
('93','Jamey','Huel','shayne88@example.net','1-271-970-4028','1993-08-17 02:58:48','2004-10-10 01:47:35'),
('94','Mackenzie','Murphy','tillman42@example.net','764-946-6768x491','1985-07-02 21:26:15','1997-03-04 14:24:59'),
('95','Wilfred','Wyman','darian.dach@example.com','(382)976-7388x7417','1982-09-21 20:01:34','1982-07-08 02:41:19'),
('96','Myah','Boyer','crona.isabelle@example.org','(906)266-6123','1994-08-09 03:39:35','1975-03-17 19:02:54'),
('97','Dean','Keeling','streich.marjolaine@example.net','940.501.1998x0544','2011-10-25 10:27:31','1987-04-18 18:47:27'),
('98','Haley','Kshlerin','nbatz@example.com','129.750.9232','1991-09-19 08:23:17','1987-07-23 09:31:46'),
('99','Dewitt','Towne','wisoky.verla@example.net','(961)987-5881x986','1982-02-06 23:54:55','2001-12-19 03:22:25'),
('100','Otis','Stiedemann','beier.abdul@example.net','1-366-403-4268','1985-04-27 08:09:09','2008-09-21 12:26:22'); 